comment_id,platform,published_at,author_handle,comment_text,like_count,reply_to_id
C000026,Instagram,2026-01-03 15:15:00,@rita535,slt le bouchon est difficile à ouvrir svp,5,
C000040,TikTok,2026-01-04 11:58:00,@chris968,"Formation trading gratuite, écris moi",0,
C000049,Facebook,2026-01-04 19:11:00,@aicha_152,le prix a encore monté ? svp 😒,6,
C000050,TikTok,2026-01-04 10:28:00,@kevin328,any sugar-free option? à Marcory,2,
C000053,Facebook,2026-01-04 08:56:00,@kevin728,bonjour le 33cl est parfait pour le bureau 👌,3,
C000062,Facebook,2026-01-05 17:21:00,@mimi393,"j'ai goûté hier, franchement c'est propre merci 💪",3,
C000122,Facebook,2026-01-10 08:56:00,@abou503,vu votre pub à la radio ce matin 📻,7,
C000149,Instagram,2026-01-11 09:32:00,@nadege48,C'EST DU BISSAP NATUREL OU DU CONCENTRÉ ?,1,
C000151,TikTok,2026-01-12 14:21:00,@traore893,Vends iPhone 13 neuf 07 00 00 00 00,10,
C000155,Facebook,2026-01-12 09:37:00,@nadege13,"franchement j'ai vu chez @miss_abj_lifestyle, je viens voir",6,
C000156,Instagram,2026-01-12 14:28:00,@kone.506,le 33cl est parfait pour le bureau 👌,0,
C000185,Instagram,2026-01-14 16:55:00,@stephane571,où on trouve à Treichville ?,5,
C000199,Instagram,2026-01-15 15:44:00,@abou953,vs livrez sur Riviera 3 ? à Riviera 3 😋!!!,5,
C000234,TikTok,2026-01-18 20:25:00,@junior331,diminuez le prix on va acheter plus,10,
C000236,Instagram,2026-01-18 09:41:00,@aya347,"je prends 2 bouteilles chaque soir, top",0,
C000245,TikTok,2026-01-19 18:47:00,@chris778,le 33cl est parfait pour le bureau 👌 🥤,7,
C000254,TikTok,2026-01-20 12:07:00,@traore8,"plus de bissap dans mon kartier, cé comment ? à Koumassi",11,
C000260,Instagram,2026-01-20 16:52:00,@stephane53,"mais vraiment bravo, c'est bien fait",1,
C000268,Instagram,2026-01-21 10:22:00,@mariam161,mes enfants adorent le bissap Awalé,0,
C000272,Facebook,2026-01-21 08:47:00,@didi829,votre stand à Yopougon était bien organisé dèh,6,
C000288,Facebook,2026-01-22 22:03:00,@rita902,eh concurrence est moins chère hein...,3,
C000329,TikTok,2026-01-25 11:14:00,@nadege818,VU VOTRE PUB À LA RADIO CE MATIN 📻,24,
C000348,Instagram,2026-01-26 11:02:00,@mariam410,le 33cl à 500 cé correct mais le 1L non à Angré,1,
C000357,TikTok,2026-01-27 21:25:00,@nadege14,le 33cl à 500 c'est correct mais le 1L non 🙏,2,
C000362,TikTok,2026-01-27 09:29:00,@fatou420,belle campagne pour la CAN 🇨🇮 à Adjamé,2,
C000383,Facebook,2026-01-28 15:14:00,@rita680,meilleur bissap d'Abidjan wallah à Angré,1,
C000441,Facebook,2026-02-01 15:17:00,@aya764,le bouye est doux paa 😋 à Koumassi,4,
C000446,TikTok,2026-02-01 12:52:00,@mariam759,LE  BOUYE EST DOUX PAA 😋,2,
C000450,Instagram,2026-02-02 17:51:00,@traore415,slt le 33cl est parfait pour le bureau 👌 hein à Abobo 😍!!,12,
C000468,Instagram,2026-02-03 16:10:00,@abou698,GAGNEZ 500.000F CLIQUEZ ICI 👉 bit.ly/xxxx,4,
C000475,Facebook,2026-02-03 18:01:00,@nadege607,Abonne toi à ma page ❤️,4,
C000488,Facebook,2026-02-04 08:51:00,@kevin552,le livreur ne répond pas,2,
C000497,Instagram,2026-02-04 21:53:00,@kevin865,la pub pendant le match était bien placée mdr,10,
C000543,TikTok,2026-02-07 10:44:00,@mariam77,tchê c'est doux mdr à Plateau...,4,
C000546,Instagram,2026-02-07 21:14:00,@kevin202,"vraiment bravo, cé bien fait 🙏",2,
C000567,Facebook,2026-02-09 09:05:00,@traore725,Bjr pourquoi il n'y a plus rien en rayon ?,7,
C000582,Facebook,2026-02-10 09:09:00,@junior805,le nouveau packaging est joli 😍,4,
C000589,TikTok,2026-02-10 18:26:00,@traore537,GAGNEZ 500.000F CLIQUEZ ICI 👉 bit.ly/xxxx,5,
C000597,Facebook,2026-02-11 22:18:00,@stephane384,y a pas drap avec Awalé,0,
C000599,Instagram,2026-02-11 19:36:00,@aya379,ARRÊTEZ LES PUBS TROP RÉPÉTITIVES SVP QUI EST COMME MOI ?,0,
C000611,Instagram,2026-02-12 15:17:00,@chris592,concurrence est moins chère hein à Bingerville,1,
C000613,TikTok,2026-02-12 23:40:00,@fatou224,diminuez le prix on va acheter plus,18,
C000631,TikTok,2026-02-13 22:02:00,@nadege640,on ne trouve plus 😭 cé fini ? hein,0,
C000635,TikTok,2026-02-13 12:12:00,@serge801,"sincèrement qualité au top, continuez comme ça 💪 à Cocody",7,
C000653,TikTok,2026-02-14 17:44:00,@fatou425,GAGNEZ 500.000F CLIQUEZ ICI 👉 bit.ly/xxxx,6,
C000686,Facebook,2026-02-16 13:01:00,@nadege884,BONJOUR WÊ ON VEUT LE GINGEMBRE,0,
C000688,TikTok,2026-02-17 18:20:00,@ibrahim363,"svp cherché partout hier, introuvable",1,
C000697,Instagram,2026-02-17 07:50:00,@stephane628,"Bjr plus de bissap dans mon quartier, c'est comment ?!!!",0,
C000698,Instagram,2026-02-17 21:10:00,@kevin937,belle campagne pour la CAN 🇨🇮 s'il vous plaît,2,
C000714,TikTok,2026-02-18 17:10:00,@mariam74,LE STAND HIER À COCODY 🔥 DÉGUSTATION TOP 😋,0,
C000723,Instagram,2026-02-18 22:46:00,@chris172,@awale_ci concurrence est moins chère hein à Port-Bouët...,9,
C000737,Facebook,2026-02-19 08:51:00,@serge407,le prix a encore monté ? 🙏 🥤,0,
C000753,Instagram,2026-02-20 10:25:00,@abou259,🔥🔥🔥,2,
C000771,Instagram,2026-02-21 11:47:00,@awa_90,le 33cl est parfait pour le bureau 👌 hein à Angré,9,
C000780,TikTok,2026-02-22 19:47:00,@kone.897,"j'ai vu à la radio, j'ai testé, je ne regrette pas 👌",13,
C000783,TikTok,2026-02-22 11:35:00,@stephane849,concurrence est moins chère hein,3,
C000788,Instagram,2026-02-22 13:52:00,@kevin780,slt livraison nickel merci mdr,21,
C000809,Facebook,2026-02-23 21:01:00,@traore189,❤️❤️❤️,4,
C000825,TikTok,2026-02-24 17:16:00,@yao717,concurrence est moins chère hein hein ??,0,
C000841,Instagram,2026-02-25 16:00:00,@kevin600,"eh vraiment bravo, c'est bien fait",6,
C000858,Instagram,2026-02-26 21:13:00,@chris867,meilleur bissap d'Abidjan wallah voilà,1,
C000883,TikTok,2026-02-28 13:56:00,@kevin758,"vraiment bravo, c'est bien fait svp à Treichville",0,
C000885,Facebook,2026-02-28 16:00:00,@mariam302,la bouteille fuit un peu répondez svp,6,
C000899,TikTok,2026-03-01 08:40:00,@yao427,c'est trop bon le bissap Awalé 😍 dèh 😍,5,
C000904,Instagram,2026-03-02 18:01:00,@kevin220,le 33cl est parfait pour le bureau 👌 😂,1,
C000909,Instagram,2026-03-02 23:19:00,@kevin64,svp vous livrez à Bingerville ?,2,
C000914,Instagram,2026-03-02 17:08:00,@yao750,vu votre pub à la radio ce matin 📻 à Abobo 😂,12,
C000923,Instagram,2026-03-03 11:34:00,@fatou295,vous livrez à Bingerville ? dèh,7,
C000925,Facebook,2026-03-03 09:24:00,@serge638,"franchement qualité au top, continuez comme ça 💪 à Treichville",3,
C000927,Facebook,2026-03-03 22:35:00,@abou763,on ne trouve plus 😭 c'est fini ? à Bingerville,1,
C000933,Facebook,2026-03-03 11:42:00,@aicha_323,svp mettez dans les supermarchés de Cocody,2,
C000945,Facebook,2026-03-04 20:20:00,@didi455,où on trouve à Treichville ?,5,
C000950,TikTok,2026-03-04 15:36:00,@traore934,DIMINUEZ LE PRIX ON VA ACHETER PLUS,3,
C001003,Instagram,2026-03-08 13:03:00,@chris984,prévoyez des packs de 6 pour les familles,1,
C001005,TikTok,2026-03-08 09:52:00,@rita584,"j'ai goûté hier, franchement c'est propre voilà à Adjamé",4,
C001013,Instagram,2026-03-09 22:18:00,@didi153,"cherché partout hier, introuvable à Treichville",1,
C001022,Instagram,2026-03-09 20:28:00,@awa_237,🔥🔥🔥,1,
C001080,Facebook,2026-03-13 16:51:00,@mimi505,"Perte de poids en 7 jours, DM 💊",9,
C001095,TikTok,2026-03-13 09:05:00,@kone.701,prévoyez des packs de 6 pour les familles à Marcory,9,
C001144,TikTok,2026-03-17 17:49:00,@nadege346,Bonjour,2,
C001146,Instagram,2026-03-17 23:39:00,@awa_661,vous livrez à Bingerville ? répondez svp à Yopougon...,2,
C001187,Instagram,2026-03-19 23:53:00,@fatou684,le 33cl est parfait pour le bureau 👌 😒,3,
C001206,Instagram,2026-03-21 10:02:00,@mariam475,la bouteille fuit un peu,1,
C001207,Facebook,2026-03-21 10:45:00,@aicha_160,slt mes enfants adorent le bissap Awalé 🙏,3,
C001209,Instagram,2026-03-21 20:56:00,@traore748,SVP  TCHÊ C'EST DOUX!!!,3,
C001220,Instagram,2026-03-21 09:10:00,@traore890,COMMANDE ANNULÉE SANS EXPLICATION 🙏 ❤️!!!,0,
C001223,Instagram,2026-03-22 16:46:00,@stephane762,vu votre pub à la radio ce matin 📻 à Plateau,4,
C001234,TikTok,2026-03-22 17:40:00,@stephane979,bonjour le livreur ne répond pas,4,
C001248,Facebook,2026-03-23 21:45:00,@aya420,svp la pub pendant le match était bien placée,1,
C001250,Instagram,2026-03-24 23:40:00,@traore839,le 33cl à 500 cé correct mais le 1L non,5,
C001295,Facebook,2026-03-27 12:28:00,@aicha_546,@awale_ci c'est trop bon le bissap Awalé 😍 à Plateau 😋,9,
C001307,Instagram,2026-03-27 09:15:00,@mariam918,"Perte de poids en 7 jours, DM 💊",0,
C001323,Instagram,2026-03-28 14:41:00,@awa_86,livraison trop lente 😒 🙏,15,
C001354,TikTok,2026-03-30 18:41:00,@mimi509,mon frère cé cher dèh,3,
C001356,Instagram,2026-03-30 14:10:00,@aicha_886,meilleur bissap d'Abidjan wallah répondez svp,1,
C001364,Instagram,2026-03-31 23:09:00,@serge577,y a pas drap avec Awalé,3,
C001377,Instagram,2026-04-01 16:22:00,@fatou816,le gingembre est enjaillant dèh 🔥 🙏,6,
C001383,Instagram,2026-04-02 13:36:00,@chris386,🔥🔥🔥,7,
C001385,Instagram,2026-04-02 13:35:00,@traore221,"cherché partout hier, introuvable 👏",1,
C001399,Instagram,2026-04-03 08:19:00,@abou782,"qualité au top, continuez comme ça 💪 dèh",11,
C001416,Instagram,2026-04-04 11:10:00,@aicha_813,svp mes enfants adorent le bissap Awalé,0,
C001436,TikTok,2026-04-05 16:51:00,@mariam325,stock fini à Marcory zone 4,1,
C001439,TikTok,2026-04-05 15:53:00,@abou101,commande annulée sans explication,2,
C001479,Facebook,2026-04-08 17:31:00,@awa_85,la vidéo TikTok est drôle 😂 svp,5,
C001495,Instagram,2026-04-09 07:16:00,@kone.942,slt où on trouve à Treichville ? 👌,4,
C001496,Instagram,2026-04-10 15:07:00,@nadege131,le prix a encore monté ? hein...,2,
C001519,Instagram,2026-04-11 21:28:00,@traore843,👍,8,
C001600,Instagram,2026-04-17 08:16:00,@rita184,tchê c'est doux,6,
C001609,Facebook,2026-04-17 19:13:00,@didi930,on ne trouve plus 😭 c'est fini ?,14,
C001653,Instagram,2026-04-20 12:41:00,@kone.819,"qualité au top, continuez comme ça 💪 à Yopougon",2,
C001685,TikTok,2026-04-23 10:39:00,@rita126,franchement c'est gbé ça 😎,2,
C001740,Facebook,2026-04-27 09:31:00,@rita265,Vends iPhone 13 neuf 07 00 00 00 00,8,
C001748,Instagram,2026-04-28 17:09:00,@mariam457,rupture partout à Angré depuis 2 semaines 😤,1,
C001754,Facebook,2026-04-28 21:27:00,@mimi624,stock fini à Marcory zone 4 merci ??,2,
C001760,TikTok,2026-04-28 22:30:00,@mimi510,bonjour vous livrez à Bingerville ?,4,
C001769,TikTok,2026-04-29 21:21:00,@mimi278,le gingembre est enjaillant dèh 🔥,7,
C001795,TikTok,2026-05-01 08:39:00,@awa_479,"commande passée depuis 3h, toujours rien",1,
C001797,Facebook,2026-05-02 09:42:00,@fatou352,"j'ai vu à la radio, j'ai testé, je ne regrette pas!!!",5,
C001804,Facebook,2026-05-02 10:34:00,@bakary690,Suis moi je te suis 🔙,0,
C001827,Facebook,2026-05-04 11:28:00,@bakary683,Vends iPhone 13 neuf 07 00 00 00 00,0,
C001840,TikTok,2026-05-05 09:09:00,@bakary809,❤️❤️❤️,3,
C001898,Facebook,2026-05-09 17:37:00,@stephane230,BJR POURQUOI IL N'Y A PLUS RIEN EN RAYON ? À RIVIERA 3 😍,2,
C001935,Facebook,2026-05-12 08:09:00,@kone.783,"j'ai goûté hier, franchement c'est propre à Marcory 😍",0,
C001969,Instagram,2026-05-14 22:50:00,@ibrahim187,le 33cl est parfait pour le bureau 👌,0,
C001981,TikTok,2026-05-15 17:24:00,@abou723,wê on veut le gingembre 😒,4,
C002036,Facebook,2026-05-20 22:02:00,@stephane458,"j'ai commandé sur WhatsApp, arrivé rapide 👍",14,
C002043,Instagram,2026-05-20 14:24:00,@mariam196,le prix a encore monté ? svp,0,
C002051,TikTok,2026-05-21 15:29:00,@fatou299,hey trop cher pour la qualité désolé à Angré,0,
C002067,TikTok,2026-05-22 07:14:00,@aicha_692,eh faut baisser le prix ooh 🥤,12,
C002137,Facebook,2026-05-28 10:19:00,@kevin240,"j'ai vu à la radio, j'ai testé, je ne regrette pas",4,
C002174,Instagram,2026-05-30 18:46:00,@awa_300,stock fini à Marcory zone 4,0,
C002261,Facebook,2026-06-05 23:05:00,@awa_562,c'est trop bon le bissap Awalé 😍,1,
C002273,TikTok,2026-06-06 23:28:00,@didi539,mon frère c'est cher dèh ooh...,2,
C002279,TikTok,2026-06-07 19:45:00,@stephane486,bon livraison trop lente 😒 à Treichville 😂,1,
C002294,Facebook,2026-06-08 15:40:00,@stephane422,vous livrez à Bingerville ?,1,
C002304,Facebook,2026-06-09 14:14:00,@mimi364,"j'ai vu à la radio, j'ai testé, je ne regrette pas 🥤",0,
C002322,Facebook,2026-06-10 20:41:00,@ibrahim104,"c'est frais et pas trop sucré, merci merci 👏",4,
C002327,TikTok,2026-06-11 16:47:00,@stephane526,"svp j'ai commandé sur WhatsApp, arrivé rapide 👍...",3,
C002362,Instagram,2026-06-13 20:47:00,@abou885,kels sont les conservateurs dedans ? à Koumassi 🥤,0,
C002379,Facebook,2026-06-14 10:46:00,@ibrahim445,pourquoi il n'y a plus rien en rayon ? qui est comme moi ?,2,
C002381,Facebook,2026-06-14 23:52:00,@aya247,"j'ai commandé sur WhatsApp, arrivé rapide 👍 😩",2,
C002386,Instagram,2026-06-14 17:30:00,@mimi459,vu votre pub à la radio ce matin 📻,0,
C002396,TikTok,2026-06-15 21:07:00,@traore426,où on trouve à Treichville ?,6,
C002412,Instagram,2026-06-16 11:43:00,@stephane981,Abonne toi à ma page ❤️,18,
C002433,Facebook,2026-06-17 07:49:00,@traore723,the hibiscus one is great à Port-Bouët,2,
C002434,Instagram,2026-06-17 23:35:00,@didi486,meilleur bissap d'Abidjan wallah 😩,2,
C002450,Instagram,2026-06-19 22:14:00,@abou17,le livreur ne répond pas à Treichville,5,
C002460,TikTok,2026-06-20 23:56:00,@fatou951,"vraiment  bravo, c'est bien fait",2,
C002461,Facebook,2026-06-20 18:01:00,@stephane736,"Formation trading gratuite, écris moi",12,
C002504,TikTok,2026-06-23 21:37:00,@mariam470,pourquoi il n'y a plus rien en rayon ? s'il vous plaît 👏,0,
C002510,TikTok,2026-06-23 21:41:00,@abou828,le bouye est doux paa 😋 voilà 😋,1,
C002517,Instagram,2026-06-24 17:45:00,@ibrahim407,tchê c'est doux à Angré,0,
C002518,Instagram,2026-06-24 17:16:00,@ibrahim145,stock fini à Marcory zone 4,6,
C002537,Instagram,2026-06-26 08:41:00,@stephane312,Vends iPhone 13 neuf 07 00 00 00 00,1,
C002590,Facebook,2026-06-29 15:25:00,@junior525,livraison  trop lente 😒 à Yopougon,1,
C002607,TikTok,2026-01-29 17:18:00,@rita899,y a pas drap avec Awalé 😍,4,
C002619,Instagram,2026-06-30 09:25:00,@rita970,à 1500 francs le litre c'est chaud pour nous à Treichville,6,
C002633,Instagram,2026-04-15 20:45:00,@nadege349,the hibiscus one is great 😋,0,
C002639,Instagram,2026-02-07 17:16:00,@serge696,where can I buy this in Abidjan? 🔥,0,
C002665,Instagram,2026-05-18 15:46:00,@chris172,c'est trop bon le bissap Awalé 😍 à Marcory 👏!!,0,
C002683,TikTok,2026-01-13 20:10:00,@abou736,C'EST  TROP BON LE BISSAP AWALÉ 😍 😍,7,
C002687,Instagram,2026-06-01 19:33:00,@mariam720,mes enfants adorent le bissap Awalé à Cocody,0,
C002740,Facebook,2026-01-31 08:14:00,@yao355,"j'ai commandé sur WhatsApp, arrivé rapide 👍 à Adjamé",0,
C002764,Instagram,2026-01-21 19:30:00,@bakary868,je confirme,7,C000275
C002781,TikTok,2026-02-14 20:28:00,@ibrahim72,merci pour l'info,3,C000654
C002792,TikTok,2026-02-04 23:54:00,@mimi20,non c'est faux hein,1,C002655
C002828,Instagram,2026-03-19 19:32:00,@awa_842,pareil chez moi,9,C001180
C000011,Facebook,2026-01-01 15:49:00,@fatou454,"vraiment bravo, c'est bien fait",12,
C000027,Facebook,2026-01-03 11:18:00,@kone.417,vu votre pub à la radio ce matin 📻 merci ❤️,0,
C000056,Instagram,2026-01-05 13:52:00,@traore955,"c'est enjaillant, no drap",0,
C000080,TikTok,2026-01-06 12:41:00,@yao253,l'étiquette se décolle au frigo,1,
C000087,Instagram,2026-01-07 08:26:00,@mimi125,la pub pendant le match était bien placée,0,
C000109,TikTok,2026-01-09 08:00:00,@aya656,faites un format 2L svp svp,5,
C000143,TikTok,2026-01-11 22:30:00,@didi779,tchê c'est doux ooh à Cocody 😒,0,
C000146,Instagram,2026-01-11 07:04:00,@aicha_664,Bonjour,4,
C000150,Instagram,2026-01-12 14:52:00,@fatou433,"cherché partout hier, introuvable",2,
C000163,Instagram,2026-01-13 10:42:00,@fatou984,eh où on trouve à Treichville ?,2,
C000192,Facebook,2026-01-15 12:11:00,@junior738,1500 c'est trop cher hein 😩 à Yopougon,1,
C000203,Facebook,2026-01-16 07:08:00,@serge97,"mais c'est frais et pas trop sucré, merci",19,
C000222,Facebook,2026-01-17 10:17:00,@awa_475,pourquoi il n'y a plus rien en rayon ? 👏,4,
C000243,Facebook,2026-01-19 14:24:00,@aya414,"bon je prends 2 bouteilles chaque soir, top s'il vous plaît 😂",2,
C000267,Instagram,2026-01-21 15:01:00,@aicha_676,1500 cé trop cher hein 😩 🙏,1,
C000275,Instagram,2026-01-21 19:30:00,@traore92,"j'ai vu à la radio, j'ai testé, je ne regrette pas répondez svp",16,
C000293,TikTok,2026-01-22 08:19:00,@fatou906,"j'ai  goûté hier, franchement cé propre",2,
C000300,Instagram,2026-01-23 17:18:00,@chris724,c'est trop bon le bissap Awalé 😍,1,
C000311,Facebook,2026-01-24 07:24:00,@mariam534,le 33cl est parfait pour le bureau 👌 qui est comme moi ? à Yopougon 😩,1,
C000318,Instagram,2026-01-24 21:05:00,@mariam978,"plus de bissap dans mon quartier, c'est comment ?",10,
C000333,Instagram,2026-01-25 12:49:00,@awa_39,vous livrez sur Riviera 3 ?,5,
C000356,Instagram,2026-01-27 11:44:00,@rita200,diminuez le prix on va acheter plus,5,
C000376,Instagram,2026-01-28 19:19:00,@junior902,y a pas au maquis de Yopougon ooh ❤️,6,
C000399,TikTok,2026-01-29 23:50:00,@junior794,le stand hier à Cocody 🔥 dégustation top,12,
C000400,Instagram,2026-01-29 20:35:00,@rita79,les diabétiques peuvent boire ? mdr,1,
C000405,Instagram,2026-01-29 18:45:00,@mariam496,arrêtez les pubs trop répétitives svp 😍!!,6,
C000448,Facebook,2026-02-01 23:27:00,@nadege459,"qualité au top, continuez comme ça 💪",0,
C000465,Facebook,2026-02-03 11:31:00,@mimi211,"j'ai commandé sur WhatsApp, arrivé rapide 👍 dèh 🙏",2,
C000481,TikTok,2026-02-03 11:17:00,@aicha_832,prévoyez des packs de 6 pour les familles,8,
C000486,Facebook,2026-02-04 09:41:00,@mimi229,faites un format 2L svp 😋,10,
C000504,TikTok,2026-02-05 18:24:00,@kevin803,le bouye est doux paa 😋 🙏 👌,1,
C000507,Facebook,2026-02-05 19:42:00,@mimi487,Vends iPhone 13 neuf 07 00 00 00 00,1,
C000510,Instagram,2026-02-05 12:46:00,@rita80,le bouye est doux paa 😋 🔥,1,
C000513,TikTok,2026-02-05 19:12:00,@yao611,"hey plus de bissap dans mon quartier, c'est comment ? 🥤",3,
C000532,Instagram,2026-02-06 14:05:00,@didi18,la pub pendant le match était bien placée à Plateau,2,
C000533,Instagram,2026-02-06 21:44:00,@rita943,sincèrement votre stand à Yopougon était bien organisé hein...,3,
C000561,Instagram,2026-02-09 09:51:00,@aicha_809,vous avez une version sans sucre ?,0,
C000573,Facebook,2026-02-09 16:13:00,@traore978,meilleur bissap d'Abidjan wallah 😂,0,
C000575,Facebook,2026-02-09 22:39:00,@junior690,"j'ai vu à la radio, j'ai testé, je ne regrette pas svp 😍",0,
C000601,Instagram,2026-02-11 12:52:00,@aya764,sincèrement le 33cl à 500 c'est correct mais le 1L non 🔥,4,
C000615,Instagram,2026-02-12 19:09:00,@traore898,mais vu votre pub à la radio ce matin 📻,9,
C000626,Facebook,2026-02-13 17:55:00,@rita792,stock fini à Marcory zone 4 😩,1,
C000671,Facebook,2026-02-16 18:12:00,@nadege10,livraison nickel merci,2,
C000677,Facebook,2026-02-16 21:19:00,@aya360,GAGNEZ 500.000F CLIQUEZ ICI 👉 bit.ly/xxxx,1,
C000679,Instagram,2026-02-16 14:09:00,@kone.867,bonjour  votre stand à Yopougon était bien organisé,0,
C000702,Instagram,2026-02-17 21:31:00,@didi565,cé trop bon le bissap Awalé 😍,2,
C000704,Instagram,2026-02-18 20:25:00,@ibrahim358,"j'ai goûté hier, franchement c'est propre 🙏!!",3,
C000705,Facebook,2026-02-18 14:28:00,@mimi924,le bouye est doux paa 😋,15,
C000706,Instagram,2026-02-18 07:25:00,@chris171,KPAKPATO VA PARLER MAIS C'EST BON 😂,1,
C000715,TikTok,2026-02-18 10:08:00,@rita20,le  stand hier à Cocody 🔥 dégustation top!!!,18,
C000724,TikTok,2026-02-18 14:08:00,@serge442,prévoyez des packs de 6 pour les familles!!!,3,
C000740,Instagram,2026-02-19 17:05:00,@abou546,do you ship to Grand-Bassam? à Plateau,1,
C000772,Instagram,2026-02-21 21:12:00,@aicha_680,le bouye est doux paa 😋,4,
C000777,Facebook,2026-02-21 19:28:00,@bakary646,FAUT BAISSER LE PRIX OOH 😋,0,
C000789,TikTok,2026-02-22 08:15:00,@didi760,is it available in supermarkets? à Bingerville,8,
C000842,Instagram,2026-02-25 09:15:00,@rita953,"Bjr vraiment bravo, c'est bien fait qui est comme moi ?",3,
C000868,Facebook,2026-02-27 17:37:00,@rita884,"j'ai vu chez @miss_abj_lifestyle, je viens voir",0,
C000875,Facebook,2026-02-27 13:18:00,@junior387,GAGNEZ 500.000F CLIQUEZ ICI 👉 bit.ly/xxxx,0,
C000922,Facebook,2026-03-03 21:27:00,@bakary400,GAGNEZ 500.000F CLIQUEZ ICI 👉 bit.ly/xxxx,2,
C000926,Facebook,2026-03-03 08:40:00,@kevin877,vous avez une version sans sucre ? svp,1,
C000962,TikTok,2026-03-05 18:05:00,@mariam925,le gingembre est enjaillant dèh 🔥 répondez svp,0,
C000963,Instagram,2026-03-05 18:19:00,@awa_646,bonjour on dit quoi pour la promo ?,7,
C000975,Facebook,2026-03-06 12:47:00,@nadege633,SINCÈREMENT 1500 C'EST TROP CHER HEIN 😩,1,
C001021,TikTok,2026-03-09 22:34:00,@kevin71,@awale_ci  1500 c'est trop cher hein 😩,13,
C001025,Facebook,2026-03-10 12:34:00,@ibrahim327,le gingembre est enjaillant dèh 🔥 mdr 🔥,8,
C001036,Instagram,2026-03-10 21:28:00,@aya965,on dit quoi pour la promo ? voilà,1,
C001054,TikTok,2026-03-11 14:06:00,@mariam703,bonjour concurrence est moins chère hein,1,
C001057,Instagram,2026-03-11 08:00:00,@aya38,faut mettre à Adjamé aussi ooh 😍,0,
C001067,Facebook,2026-03-12 19:35:00,@didi689,livraison nickel merci dèh,8,
C001075,Facebook,2026-03-12 23:59:00,@ibrahim386,svp mettez dans les supermarchés de Cocody 😋,3,
C001076,Instagram,2026-03-12 13:16:00,@mariam517,"je prends 2 bouteilles chaque soir, top 🙏 😒",2,
C001089,Facebook,2026-03-13 07:55:00,@ibrahim833,kpakpato va parler mais c'est bon 😂 dèh,3,
C001101,Instagram,2026-03-14 19:17:00,@mimi271,belle campagne pour la CAN 🇨🇮,2,
C001103,Facebook,2026-03-14 13:04:00,@awa_752,franchement  c'est trop bon le bissap Awalé 😍,2,
C001106,Instagram,2026-03-14 07:48:00,@fatou407,belle campagne pour la CAN 🇨🇮 à Treichville,9,
C001132,TikTok,2026-03-16 21:45:00,@ibrahim661,Boostez vos followers 📈 DM,23,
C001147,Instagram,2026-03-17 12:52:00,@traore9,commande  annulée sans explication,5,
C001216,Instagram,2026-03-21 13:24:00,@didi243,le bouye est doux paa 😋 hein 🥤,3,
C001230,Instagram,2026-03-22 09:38:00,@awa_261,bonjour svp mettez dans les supermarchés de Cocody à Cocody,0,
C001238,Instagram,2026-03-23 17:13:00,@aya79,le gingembre est enjaillant dèh 🔥 qui est comme moi ?,0,
C001244,Instagram,2026-03-23 10:04:00,@mariam365,stock fini à Marcory zone 4 ooh...,2,
C001271,Instagram,2026-03-25 16:26:00,@awa_377,"cherché partout hier, introuvable",4,
C001292,Facebook,2026-03-26 10:03:00,@aya133,le bouchon est difficile à ouvrir s'il vous plaît 👌,0,
C001324,Facebook,2026-03-29 19:08:00,@rita872,Vends iPhone 13 neuf 07 00 00 00 00,0,
C001337,Instagram,2026-03-29 15:43:00,@awa_634,Suis moi je te suis 🔙,1,
C001344,TikTok,2026-03-30 19:04:00,@abou226,bonjour  on peut payer par Wave ?,0,
C001351,Instagram,2026-03-30 22:26:00,@stephane318,"Perte de poids en 7 jours, DM 💊",0,
C001424,Instagram,2026-04-04 23:49:00,@yao526,livraison nickel merci à Adjamé,0,
C001433,Facebook,2026-04-05 15:14:00,@ibrahim324,POURQUOI IL N'Y A PLUS RIEN EN RAYON ? 🙏,5,
C001435,Instagram,2026-04-05 08:15:00,@traore565,svp mettez dans les supermarchés de Cocody s'il vs plaît,4,
C001438,Instagram,2026-04-05 16:17:00,@abou232,stock fini à Marcory zone 4,2,
C001447,TikTok,2026-04-06 19:22:00,@ibrahim195,bon  le 33cl à 500 c'est correct mais le 1L non,9,
C001461,Instagram,2026-04-07 16:39:00,@traore178,"j'ai  commandé sur WhatsApp, arrivé rapide 👍!!!",0,
C001470,Facebook,2026-04-08 23:36:00,@aya540,votre stand à Yopougon était bien organisé,6,
C001477,Instagram,2026-04-08 17:27:00,@nadege546,où on trouve à Treichville ?,6,
C001517,Facebook,2026-04-11 18:50:00,@aya248,Bjr mon frère c'est cher dèh s'il vous plaît,26,
C001518,Instagram,2026-04-11 22:04:00,@abou384,eh kpakpato va parler mais c'est bon 😂 😩,8,
C001521,Instagram,2026-04-11 15:26:00,@chris172,Bonjour,11,
C001530,Instagram,2026-04-12 12:30:00,@rita852,love the branding 🔥,1,
C001546,Facebook,2026-04-13 19:14:00,@yao731,hey faut baisser le prix ooh 🔥,10,
C001548,TikTok,2026-04-13 23:39:00,@nadege526,faut baisser le prix ooh,1,
C001569,Instagram,2026-04-14 12:52:00,@kevin981,pourquoi il n'y a plus rien en rayon ? mdr,4,
C001620,TikTok,2026-04-18 22:17:00,@serge281,ANY SUGAR-FREE OPTION? S'IL VOUS PLAÎT,0,
C001628,Instagram,2026-04-19 15:54:00,@mimi577,"cherché partout hier, introuvable dèh à Adjamé 😋",0,
C001632,TikTok,2026-04-19 16:47:00,@stephane406,❤️❤️❤️,0,
C001636,TikTok,2026-04-19 07:37:00,@kone.997,Bonjour,17,
C001704,TikTok,2026-04-25 12:40:00,@chris157,vous avez une version sans sucre ? voilà à Cocody 😂,3,
C001705,TikTok,2026-04-25 10:38:00,@ibrahim208,"j'ai fait 3 boutiques, rien à Treichville",1,
C001757,Instagram,2026-04-28 11:55:00,@kevin138,le stand hier à Cocody 🔥 dégustation top,6,
C001781,TikTok,2026-04-30 21:53:00,@aya6,l'étiquette se décolle au frigo à Riviera 3,1,
C001802,TikTok,2026-05-02 10:54:00,@rita495,PRÊT D'ARGENT RAPIDE SANS GARANTIE contactez,3,
C001806,Facebook,2026-05-02 11:01:00,@serge983,la bouteille fuit un peu,0,
C001822,Instagram,2026-05-04 20:24:00,@yao885,on ne trouve plus 😭 c'est fini ?,7,
C001833,Instagram,2026-05-04 12:43:00,@chris110,Bjr vous livrez sur Riviera 3 ? hein,8,
C001847,Instagram,2026-05-05 13:03:00,@stephane256,"svp j'ai fait 3 boutiques, rien",5,
C001857,Facebook,2026-05-06 13:53:00,@junior307,svp mettez dans les supermarchés de Cocody,2,
C001859,TikTok,2026-05-06 19:54:00,@serge134,svp mettez dans les supermarchés de Cocody,18,
C001867,Instagram,2026-05-07 22:58:00,@nadege621,"svp j'ai goûté hier, franchement c'est propre s'il vous plaît",4,
C001876,Facebook,2026-05-08 08:48:00,@kevin587,svp on ne trouve plus 😭 c'est fini ? à Plateau 💪,2,
C001920,TikTok,2026-05-11 17:24:00,@traore594,la vidéo TikTok est drôle 😂 s'il vous plaît,2,
C001927,Instagram,2026-05-11 17:41:00,@bakary765,❤️❤️❤️,4,
C001938,Facebook,2026-05-12 07:23:00,@mariam555,"je prends 2 bouteilles chaque soir, top à Port-Bouët",5,
C001944,Instagram,2026-05-13 10:47:00,@stephane271,👍,1,
C001957,Facebook,2026-05-14 19:51:00,@chris699,do you ship to Grand-Bassam?,1,
C001974,Facebook,2026-05-14 13:13:00,@aicha_859,mais le 33cl à 500 c'est correct mais le 1L non 🙏,0,
C001983,TikTok,2026-05-15 09:38:00,@chris8,"j'ai vu à la radio, j'ai testé, je ne regrette pas à Riviera 3",2,
C002022,Instagram,2026-05-18 08:17:00,@fatou308,le gingembre est enjaillant dèh 🔥 🇨🇮,1,
C002029,Facebook,2026-05-19 20:57:00,@stephane860,"j'ai fait 3 boutiques, rien...",9,
C002054,Facebook,2026-05-21 20:41:00,@serge701,on peut payer par Wave ?,0,
C002058,Instagram,2026-05-22 07:21:00,@abou729,kpakpato va parler mais c'est bon 😂 à Plateau,2,
C002060,Instagram,2026-05-22 17:29:00,@didi443,"Perte de poids en 7 jours, DM 💊",2,
C002076,Instagram,2026-05-23 10:50:00,@traore655,meilleur bissap d'Abidjan wallah mdr,0,
C002091,TikTok,2026-05-24 21:11:00,@kevin489,c'est trop bon le bissap Awalé 😍 ooh,20,
C002112,TikTok,2026-05-26 22:48:00,@chris882,le bouye est doux paa 😋 merci,1,
C002120,Instagram,2026-05-26 11:52:00,@kevin794,mon frère c'est cher dèh à Koumassi,0,
C002129,TikTok,2026-05-27 13:01:00,@fatou480,"VRAIMENT BRAVO, C'EST BIEN FAIT",1,
C002136,Instagram,2026-05-28 09:13:00,@nadege557,le bouye est doux paa 😋,11,
C002153,Facebook,2026-05-29 15:47:00,@junior769,le stand hier à Cocody 🔥 dégustation top s'il vous plaît à Plateau,17,
C002171,TikTok,2026-05-30 17:50:00,@nadege302,"qualité au top, continuez comme ça 💪 mdr à Marcory",5,
C002172,Instagram,2026-05-30 22:49:00,@awa_820,le prix a encore monté ? hein,3,
C002199,Facebook,2026-06-01 23:43:00,@ibrahim937,"j'ai vu à la radio, j'ai testé, je ne regrette pas",20,
C002286,Facebook,2026-06-08 21:20:00,@didi303,BELLE CAMPAGNE POUR LA CAN 🇨🇮,2,
C002295,Instagram,2026-06-08 22:35:00,@mimi383,c'est trop bon le bissap Awalé 😍,2,
C002297,Instagram,2026-06-09 11:56:00,@didi173,vu votre pub à la radio ce matin 📻 répondez svp,0,
C002317,Facebook,2026-06-10 20:32:00,@junior928,livraison nickel merci,0,
C002334,TikTok,2026-06-11 17:46:00,@didi100,meilleur bissap d'Abidjan wallah,6,
C002367,TikTok,2026-06-13 13:41:00,@kevin681,"c'est frais et pas trop sucré, merci mdr",1,
C002409,Facebook,2026-06-16 11:11:00,@mariam87,"vraiment bravo, c'est bien fait à Bingerville",1,
C002418,Instagram,2026-06-16 14:33:00,@mariam727,PRÊT D'ARGENT RAPIDE SANS GARANTIE contactez,0,
C002424,Instagram,2026-06-17 21:37:00,@serge595,@awale_ci any sugar-free option? merci à Riviera 3 👏,4,
C002438,Instagram,2026-06-18 09:16:00,@fatou474,à 1500 francs le litre c'est chaud pour nous,0,
C002445,TikTok,2026-06-18 14:21:00,@aicha_476,Vends iPhone 13 neuf 07 00 00 00 00,1,
C002471,Instagram,2026-06-20 15:09:00,@chris869,hey le 33cl à 500 c'est correct mais le 1L non mdr,1,
C002494,TikTok,2026-06-22 16:29:00,@serge971,vu votre pub à la radio ce matin 📻 à Marcory,1,
C002538,Instagram,2026-06-26 08:55:00,@aicha_798,"Formation trading gratuite, écris moi",2,
C002545,Facebook,2026-06-26 07:33:00,@fatou309,tchê c'est doux répondez svp,10,
C002546,Instagram,2026-06-26 17:54:00,@mimi655,"Perte de poids en 7 jours, DM 💊",2,
C002562,TikTok,2026-06-27 08:50:00,@bakary709,le bouye est doux paa 😋,7,
C002592,Instagram,2026-06-29 08:37:00,@traore373,"Bjr c'est enjaillant, no drap",6,
C002618,TikTok,2026-04-02 11:51:00,@awa_798,"franchement j'ai fait 3 boutiques, rien dèh",1,
C002625,Instagram,2026-02-02 17:31:00,@abou2,le nouveau packaging est joli 😍 à Koumassi,8,
C002628,TikTok,2026-02-11 19:02:00,@kone.711,franchement le 33cl est parfait pour le bureau 👌 😂,5,
C002629,TikTok,2026-05-04 11:28:00,@junior755,votre  stand à Yopougon était bien organisé hein,3,
C002652,TikTok,2026-06-06 10:46:00,@chris955,"Perte de poids en 7 jours, DM 💊",3,
C002677,Facebook,2026-06-10 19:52:00,@stephane159,la  bouteille fuit un peu ooh,1,
C002689,Facebook,2026-03-18 19:12:00,@rita422,"qualité au top, continuez comme ça 💪",3,
C002702,TikTok,2026-03-22 16:17:00,@aya268,"j'ai goûté hier, franchement c'est propre!!!",6,
C002738,Facebook,2026-06-11 15:05:00,@junior118,"hey  vraiment bravo, c'est bien fait...",0,
C002746,TikTok,2026-02-03 10:46:00,@ibrahim601,non c'est faux hein,4,C000477
C002748,Facebook,2026-03-07 07:06:00,@aya648,je confirme,6,C000990
C002752,Instagram,2026-03-21 16:50:00,@kevin256,+1,5,C001222
C002765,Instagram,2026-03-09 19:23:00,@mariam463,mdr 😂,0,C001017
C002789,Facebook,2026-01-14 15:08:00,@awa_901,+1,7,C000181
C002801,Facebook,2026-02-05 10:27:00,@kone.781,merci pour l'info,0,C000506
C002811,Facebook,2026-01-25 12:52:00,@didi898,mdr 😂,6,C000326
C000046,Instagram,2026-01-04 15:03:00,@ibrahim27,"vraiment bravo, c'est bien fait",5,
C000063,Facebook,2026-01-05 19:58:00,@aicha_137,"j'ai vu chez @miss_abj_lifestyle, je viens voir",3,
C000065,Facebook,2026-01-05 17:40:00,@didi260,EH LE BOUYE EST DOUX PAA 😋,2,
C000071,Facebook,2026-01-06 17:19:00,@bakary318,cé sucré comment ? il y a du sucre ajouté ? 🔥,4,
C000075,Instagram,2026-01-06 18:52:00,@kone.87,Abonne toi à ma page ❤️,0,
C000092,Instagram,2026-01-07 18:08:00,@nadege837,on dit quoi pour la promo ? svp,8,
C000104,Instagram,2026-01-08 21:25:00,@rita475,le 33cl est parfait pour le bureau 👌 👏,5,
C000106,Facebook,2026-01-08 20:39:00,@aya946,votre stand à Yopougon était bien organisé à Angré,2,
C000112,Instagram,2026-01-09 20:26:00,@rita484,👍,4,
C000115,Instagram,2026-01-09 07:45:00,@mariam26,Boostez vos followers 📈 DM,9,
C000147,Facebook,2026-01-11 13:46:00,@awa_943,Boostez vos followers 📈 DM,0,
C000168,Facebook,2026-01-13 14:58:00,@junior56,c'est trop bon le bissap Awalé 😍,1,
C000171,Facebook,2026-01-13 20:55:00,@aya934,"Formation trading gratuite, écris moi",11,
C000190,TikTok,2026-01-15 11:53:00,@didi737,le bouye est doux paa 😋,0,
C000204,TikTok,2026-01-16 18:29:00,@awa_47,"vraiment bravo, c'est bien fait",0,
C000211,Facebook,2026-01-16 13:25:00,@stephane669,"c'est  frais et pas trop sucré, merci merci 😂",8,
C000225,Instagram,2026-01-17 09:08:00,@kone.395,"c'est  frais et pas trop sucré, merci",1,
C000235,Instagram,2026-01-18 10:41:00,@stephane786,Suis moi je te suis 🔙,0,
C000239,Instagram,2026-01-18 10:12:00,@kevin997,la vidéo TikTok est drôle 😂 à Marcory,0,
C000244,Instagram,2026-01-19 16:12:00,@mariam623,VOUS AVEZ UNE VERSION SANS SUCRE ? À PLATEAU,7,
C000250,TikTok,2026-01-20 10:39:00,@abou270,diminuez le prix on va acheter plus qui est comme moi ? 😋,0,
C000282,Instagram,2026-01-22 07:11:00,@mimi650,TROP CHER POUR LA QUALITÉ DÉSOLÉ QUI EST COMME MOI ?,2,
C000298,TikTok,2026-01-23 18:29:00,@fatou480,la pub pendant le match était bien placée à Marcory,6,
C000319,TikTok,2026-01-24 14:23:00,@ibrahim752,quels sont les conservateurs dedans ? 🙏,0,
C000325,Facebook,2026-01-25 13:52:00,@abou580,on ne trouve plus 😭 c'est fini ? à Plateau,6,
C000339,TikTok,2026-01-25 14:40:00,@junior861,PRÊT D'ARGENT RAPIDE SANS GARANTIE contactez,0,
C000352,Instagram,2026-01-26 17:01:00,@abou989,MAIS THE HIBISCUS ONE IS GREAT,7,
C000363,TikTok,2026-01-27 13:26:00,@mariam730,"mais qualité au top, continuez comme ça 💪",2,
C000367,Facebook,2026-01-27 09:38:00,@mimi205,Abonne toi à ma page ❤️,3,
C000373,Facebook,2026-01-28 21:39:00,@abou446,le stand hier à Cocody 🔥 dégustation top,1,
C000375,TikTok,2026-01-28 12:01:00,@junior500,"vraiment bravo, c'est bien fait svp 😩",1,
C000398,Instagram,2026-01-29 15:02:00,@traore445,stock fini à Marcory zone 4 hein 😂,4,
C000430,TikTok,2026-01-31 23:06:00,@traore228,bon mes enfants adorent le bissap Awalé à Bingerville,0,
C000443,Instagram,2026-02-01 19:01:00,@kone.83,on peut payer par Wave ? 🇨🇮,1,
C000449,Facebook,2026-02-02 19:22:00,@kone.224,bon meilleur bissap d'Abidjan wallah,7,
C000461,Facebook,2026-02-02 18:34:00,@bakary34,le prix a encore monté ?,1,
C000471,Facebook,2026-02-03 14:46:00,@bakary411,livraison  nickel merci qui est comme moi ?,2,
C000514,Instagram,2026-02-05 20:20:00,@yao409,le 33cl à 500 c'est correct mais le 1L non,1,
C000525,TikTok,2026-02-06 16:44:00,@mimi420,le gingembre est enjaillant dèh 🔥,4,
C000526,Instagram,2026-02-06 11:32:00,@awa_180,"vraiment bravo, c'est bien fait",2,
C000542,Facebook,2026-02-07 17:04:00,@ibrahim394,la vidéo TikTok est drôle 😂 😍,16,
C000571,Instagram,2026-02-09 07:38:00,@abou54,1500 c'est trop cher hein 😩 👌,0,
C000592,Facebook,2026-02-11 20:54:00,@chris65,wê on veut le gingembre,6,
C000618,Facebook,2026-02-12 08:31:00,@awa_72,"qualité au top, continuez comme ça 💪 à Plateau",0,
C000645,Instagram,2026-02-14 14:46:00,@chris221,mon frère c'est cher dèh ??,5,
C000673,TikTok,2026-02-16 09:28:00,@mimi863,mon frère c'est cher dèh,0,
C000716,Facebook,2026-02-18 11:55:00,@ibrahim999,c'est gbé ça 😎 à Riviera 3 😩 ??,3,
C000717,Instagram,2026-02-18 15:16:00,@ibrahim289,slt arrêtez les pubs trop répétitives svp 🙏,2,
C000720,Facebook,2026-02-18 10:59:00,@kevin875,vous livrez à Bingerville ? à Abobo,10,
C000728,Instagram,2026-02-19 20:01:00,@chris825,SLT C'EST GBÉ ÇA 😎 À YOPOUGON,17,
C000782,Facebook,2026-02-22 20:32:00,@bakary129,"plus de bissap dans mon quartier, c'est comment ? ooh ❤️...",9,
C000790,Instagram,2026-02-22 16:01:00,@mimi88,c'est trop bon le bissap Awalé 😍 merci,3,
C000793,Facebook,2026-02-22 20:37:00,@bakary338,le gingembre est enjaillant dèh 🔥 dèh,1,
C000811,Facebook,2026-02-23 14:10:00,@abou149,"c'est frais et pas trop sucré, merci",6,
C000835,TikTok,2026-02-24 10:30:00,@didi861,cé sucré comment ? il y a du sucre ajouté ?,0,
C000844,Instagram,2026-02-25 15:00:00,@bakary527,c'est trop bon le bissap Awalé 😍 svp,2,
C000849,Instagram,2026-02-25 22:08:00,@awa_939,svp mettez dans les supermarchés de Cocody 😍,0,
C000857,Instagram,2026-02-26 21:01:00,@nadege294,faut baisser le prix ooh mdr...,7,
C000887,Facebook,2026-02-28 21:52:00,@kevin448,le bouchon est difficile à ouvrir 😒,0,
C000902,Instagram,2026-03-02 08:57:00,@bakary751,Abonne toi à ma page ❤️,4,
C000928,TikTok,2026-03-03 20:21:00,@ibrahim606,Bjr is it available in supermarkets?,2,
C000956,Facebook,2026-03-05 23:49:00,@abou879,le bouchon est difficile à ouvrir,2,
C000979,Facebook,2026-03-06 15:15:00,@awa_720,y a pas drap avec Awalé,5,
C000993,Instagram,2026-03-07 19:01:00,@awa_144,Suis moi je te suis 🔙,2,
C000998,Instagram,2026-03-08 15:29:00,@nadege6,"vraiment  bravo, c'est bien fait 😒",5,
C001004,TikTok,2026-03-08 08:34:00,@stephane896,❤️❤️❤️,5,
C001045,Instagram,2026-03-11 07:21:00,@abou578,rupture partout à Angré depuis 2 semaines 😤,3,
C001051,Facebook,2026-03-11 20:30:00,@traore536,bon svp mettez dans les supermarchés de Cocody à Cocody,0,
C001060,TikTok,2026-03-12 08:49:00,@kevin541,👍,0,
C001066,Instagram,2026-03-12 20:09:00,@aicha_294,tchê cé doux à Cocody,5,
C001070,Instagram,2026-03-12 12:22:00,@fatou333,vous livrez à Bingerville ? à Riviera 3,6,
C001078,TikTok,2026-03-13 21:19:00,@junior99,GAGNEZ 500.000F CLIQUEZ ICI 👉 bit.ly/xxxx,0,
C001092,Instagram,2026-03-13 15:14:00,@bakary131,votre stand à Yopougon était bien organisé,1,
C001105,Instagram,2026-03-14 17:36:00,@mariam836,hey wê on veut le gingembre à Port-Bouët,2,
C001133,Instagram,2026-03-16 13:17:00,@yao57,"cherché partout hier, introuvable",1,
C001164,Facebook,2026-03-18 19:57:00,@aicha_124,"je prends 2 bouteilles chaque soir, top 🔥",2,
C001168,Instagram,2026-03-18 10:21:00,@didi772,l'étiquette se décolle au frigo,9,
C001178,Instagram,2026-03-19 12:57:00,@fatou785,any sugar-free option? hein,0,
C001188,Facebook,2026-03-19 19:39:00,@fatou886,PRÊT D'ARGENT RAPIDE SANS GARANTIE contactez,2,
C001267,Instagram,2026-03-25 15:54:00,@didi316,"c'est frais et pas trop sucré, merci à Treichville",1,
C001312,TikTok,2026-03-28 22:46:00,@traore553,"j'ai goûté hier, franchement c'est propre ❤️",6,
C001313,Facebook,2026-03-28 12:20:00,@fatou633,1500 c'est trop cher hein 😩 s'il vous plaît à Marcory,2,
C001321,Instagram,2026-03-28 17:15:00,@junior203,🔥🔥🔥,1,
C001331,Instagram,2026-03-29 20:29:00,@bakary232,"je prends 2 bouteilles chaque soir, top 🙏 à Riviera 3",0,
C001340,TikTok,2026-03-29 21:59:00,@awa_894,trop  cher pour la qualité désolé merci à Abobo,0,
C001342,Facebook,2026-03-30 09:46:00,@ibrahim757,les diabétiques peuvent boire ? voilà à Yopougon 👌,20,
C001363,Instagram,2026-03-31 10:18:00,@kone.970,svp l'étiquette se décolle au frigo,0,
C001398,Instagram,2026-04-03 22:22:00,@stephane985,franchement le 33cl est parfait pour le bureau 👌 s'il vous plaît,2,
C001423,Facebook,2026-04-04 23:45:00,@aya191,le gingembre est enjaillant dèh 🔥,9,
C001445,Facebook,2026-04-06 09:36:00,@awa_518,Suis moi je te suis 🔙,0,
C001458,Instagram,2026-04-07 08:24:00,@rita743,PRÊT D'ARGENT RAPIDE SANS GARANTIE contactez,12,
C001469,Instagram,2026-04-08 18:26:00,@rita528,stock fini à Marcory zone 4 🙏 à Yopougon,7,
C001471,Instagram,2026-04-08 09:38:00,@chris839,"commande passée depuis 3h, toujours rien 😩",13,
C001476,TikTok,2026-04-08 10:41:00,@stephane173,"Formation trading gratuite, écris moi",1,
C001501,Facebook,2026-04-10 07:10:00,@ibrahim213,kpakpato va parler mais c'est bon 😂,6,
C001533,Facebook,2026-04-12 13:11:00,@rita819,"QUALITÉ AU TOP, CONTINUEZ COMME ÇA 💪...",0,
C001560,Instagram,2026-04-14 17:45:00,@abou8,slt kpakpato va parler mais c'est bon 😂 dèh,1,
C001561,TikTok,2026-04-14 18:16:00,@junior954,svp mettez dans les supermarchés de Cocody 🔥,8,
C001568,Instagram,2026-04-14 20:12:00,@junior684,❤️❤️❤️,8,
C001573,Facebook,2026-04-15 10:08:00,@aicha_587,Suis moi je te suis 🔙,2,
C001593,Instagram,2026-04-16 22:07:00,@didi493,diminuez le prix on va acheter plus à Koumassi 👏,8,
C001604,Instagram,2026-04-17 23:50:00,@serge494,le  nouveau packaging est joli 😍 👌,3,
C001622,Instagram,2026-04-18 14:17:00,@ibrahim229,les diabétiques peuvent boire ? dèh ??,11,
C001627,Instagram,2026-04-19 11:51:00,@rita95,la pub pendant le match était bien placée,0,
C001633,Facebook,2026-04-19 07:37:00,@kone.115,svp mettez dans les supermarchés de Cocody s'il vous plaît à Riviera 3!!!,6,
C001658,TikTok,2026-04-21 17:57:00,@nadege263,"qualité au top, continuez comme ça 💪 😍",2,
C001667,Instagram,2026-04-21 12:36:00,@ibrahim679,svp mettez dans les supermarchés de Cocody,9,
C001676,Facebook,2026-04-22 15:14:00,@nadege59,"cherché partout hier, introuvable",1,
C001697,Facebook,2026-04-24 20:17:00,@serge727,concurrence est moins chère hein à Abobo,0,
C001700,TikTok,2026-04-25 23:32:00,@aya665,Suis moi je te suis 🔙,3,
C001724,Instagram,2026-04-26 11:09:00,@rita597,pourquoi il n'y a plus rien en rayon ? s'il vous plaît à Treichville 😒,2,
C001730,Instagram,2026-04-27 20:22:00,@kone.294,Bjr prévoyez des packs de 6 pour les familles,8,
C001744,Instagram,2026-04-28 23:54:00,@abou931,❤️❤️❤️,1,
C001746,Facebook,2026-04-28 21:56:00,@kone.444,vu votre pub à la radio ce matin 📻,0,
C001749,TikTok,2026-04-28 21:04:00,@ibrahim631,sincèrement  où on trouve à Treichville ? s'il vous plaît ??,5,
C001750,TikTok,2026-04-28 11:56:00,@abou568,mon  frère c'est cher dèh 🇨🇮,0,
C001853,Instagram,2026-05-06 19:12:00,@junior549,"Bjr plus de bissap dans mon quartier, c'est comment ?",1,
C001856,Instagram,2026-05-06 14:13:00,@serge548,où on trouve à Treichville ? 👏,4,
C001860,Facebook,2026-05-06 17:20:00,@nadege319,le stand hier à Cocody 🔥 dégustation top répondez svp 👌,9,
C001878,Facebook,2026-05-08 16:04:00,@junior890,Bonjour,10,
C001892,Instagram,2026-05-09 22:14:00,@kevin773,la vidéo TikTok est drôle 😂,17,
C001895,Facebook,2026-05-09 22:48:00,@mariam488,hey rupture partout à Angré depuis 2 semaines 😤 svp 😩,2,
C001911,Facebook,2026-05-10 19:14:00,@mariam381,eh any sugar-free option?,0,
C001931,Facebook,2026-05-12 17:58:00,@fatou739,mais le nouveau packaging est joli 😍 ??,0,
C001945,TikTok,2026-05-13 12:46:00,@fatou913,🔥🔥🔥,0,
C001962,Instagram,2026-05-14 07:11:00,@mimi127,"j'ai vu à la radio, j'ai testé, je ne regrette pas à Treichville",4,
C001966,Facebook,2026-05-14 16:51:00,@awa_252,votre stand à Yopougon était bien organisé à Yopougon,5,
C001988,TikTok,2026-05-16 19:33:00,@bakary370,le 33cl est parfait pour le bureau 👌 hein,3,
C001991,Instagram,2026-05-16 17:41:00,@aicha_798,"qualité au top, continuez comme ça 💪",4,
C001992,Facebook,2026-05-16 11:17:00,@kone.123,"vraiment bravo, cé bien fait ??",9,
C002002,TikTok,2026-05-17 08:34:00,@mimi306,mais  kpakpato va parler mais c'est bon 😂 répondez svp,9,
C002017,Instagram,2026-05-18 22:50:00,@kone.150,on peut payer par Wave ? voilà,7,
C002025,Instagram,2026-05-19 20:25:00,@kone.284,"Formation trading gratuite, écris moi",1,
C002026,TikTok,2026-05-19 15:27:00,@mimi991,mais love the branding 🔥 💪 ??,0,
C002044,Instagram,2026-05-20 13:56:00,@traore161,eh c'est trop bon le bissap Awalé 😍 à Angré,2,
C002045,Instagram,2026-05-21 23:48:00,@traore689,c'est trop bon le bissap Awalé 😍 svp,2,
C002065,Instagram,2026-05-22 08:56:00,@stephane758,mon frère c'est cher dèh,0,
C002077,TikTok,2026-05-23 18:00:00,@aicha_268,"qualité  au top, continuez comme ça 💪 à Treichville",2,
C002092,TikTok,2026-05-24 13:18:00,@kone.260,Vends iPhone 13 neuf 07 00 00 00 00,2,
C002105,TikTok,2026-05-25 15:46:00,@aya584,1500 c'est trop cher hein 😩 ??,0,
C002115,Facebook,2026-05-26 07:52:00,@ibrahim729,le bouye est doux paa 😋 ooh,0,
C002135,Instagram,2026-05-28 23:43:00,@traore881,"cé frais et pas trop sucré, merci 👏",9,
C002160,Instagram,2026-05-29 15:56:00,@aya594,la pub pendant le match était bien placée,1,
C002177,TikTok,2026-05-31 20:24:00,@mimi43,GAGNEZ 500.000F CLIQUEZ ICI 👉 bit.ly/xxxx,0,
C002184,Instagram,2026-05-31 19:41:00,@kone.476,livraison nickel merci,0,
C002200,Facebook,2026-06-01 16:42:00,@fatou325,la pub pendant le match était bien placée,10,
C002231,Facebook,2026-06-03 21:42:00,@yao827,y a pas au maquis de Yopougon,11,
C002240,Instagram,2026-06-04 13:29:00,@mariam219,"mais j'ai fait 3 boutiques, rien 😋",1,
C002242,Facebook,2026-06-04 11:14:00,@mariam692,"j'ai vu à la radio, j'ai testé, je ne regrette pas 👌...",7,
C002247,Facebook,2026-06-04 08:07:00,@fatou390,"c'est frais et pas trop sucré, merci",0,
C002282,TikTok,2026-06-07 13:40:00,@stephane895,prévoyez des packs de 6 pour les familles à Angré,0,
C002313,TikTok,2026-06-10 21:19:00,@fatou263,prévoyez des packs de 6 pour les familles,5,
C002358,Instagram,2026-06-13 13:04:00,@junior310,Boostez vos followers 📈 DM,0,
C002364,TikTok,2026-06-13 16:41:00,@fatou994,le bouye est doux paa 😋 😍,0,
C002377,Instagram,2026-06-14 13:24:00,@nadege980,"j'ai vu à la radio, j'ai testé, je ne regrette pas",2,
C002399,TikTok,2026-06-15 19:30:00,@didi882,"j'ai fait 3 boutiques, rien 😒",12,
C002446,Facebook,2026-06-18 08:34:00,@mariam654,le bouye est doux paa 😋,1,
C002454,Facebook,2026-06-19 12:54:00,@abou870,c'est du bissap naturel ou du concentré ? ❤️,4,
C002463,Instagram,2026-06-20 14:21:00,@kone.568,y a pas au maquis de Yopougon,6,
C002472,Instagram,2026-06-20 14:14:00,@junior18,trop cher pour la qualité désolé dèh à Yopougon 🥤,1,
C002480,Instagram,2026-06-21 23:18:00,@bakary60,Boostez vos followers 📈 DM,1,
C002512,Facebook,2026-06-23 07:23:00,@didi104,la pub pendant le match était bien placée 💪,1,
C002522,Facebook,2026-06-24 17:07:00,@rita156,rupture partout à Angré depuis 2 semaines 😤 répondez svp à Treichville 🙏,0,
C002529,TikTok,2026-06-25 18:31:00,@awa_949,concurrence est moins chère hein voilà,1,
C002533,Facebook,2026-06-25 10:23:00,@stephane174,"qualité au top, continuez comme ça 💪 s'il vous plaît 🙏",2,
C002539,Instagram,2026-06-26 15:05:00,@stephane384,le gingembre est enjaillant dèh 🔥 😩,0,
C002551,TikTok,2026-06-27 16:38:00,@traore77,faites un format 2L svp,5,
C002656,Instagram,2026-05-20 23:49:00,@abou288,Boostez vos followers 📈 DM,1,
C002678,Facebook,2026-06-19 14:46:00,@kone.612,Bonjour,9,
C002681,Instagram,2026-01-16 22:00:00,@mimi964,sincèrement 1500 c'est trop cher hein 😩,9,
C002693,Instagram,2026-01-14 14:55:00,@serge201,🔥🔥🔥,10,
C002695,TikTok,2026-06-11 07:10:00,@junior262,prévoyez des packs de 6 pour les familles,1,
C002711,Instagram,2026-03-30 17:20:00,@mimi106,mes enfants adorent le bissap Awalé à Yopougon!!,2,
C002749,TikTok,2026-06-14 07:52:00,@awa_351,exact !,7,C002368
C002761,Facebook,2026-02-04 07:52:00,@nadege979,+1,2,C000490
C002769,TikTok,2026-02-16 09:28:00,@abou759,non c'est faux hein,8,C000673
C002772,TikTok,2026-01-12 07:22:00,@kone.965,mdr 😂,5,C000152
C002784,Facebook,2026-04-30 23:20:00,@aya340,merci pour l'info,2,C001775
C002795,Facebook,2026-05-21 14:52:00,@aicha_617,+1,2,C002055
C002802,TikTok,2026-02-04 09:04:00,@rita4,merci pour l'info,11,C000487
C002818,TikTok,2026-01-20 23:46:00,@abou402,je confirme,12,C000257
C002822,Facebook,2026-03-07 07:06:00,@kevin166,je confirme,4,C000990
C002825,Instagram,2026-01-01 16:41:00,@kevin265,pareil chez moi,11,C000001
C002831,Instagram,2026-06-02 21:09:00,@mariam996,non c'est faux hein,5,C002219
C000003,TikTok,2026-01-01 22:59:00,@aya649,le gingembre est enjaillant dèh 🔥,3,
C000006,TikTok,2026-01-01 15:08:00,@kone.778,"eh qualité au top, continuez comme ça 💪 merci",1,
C000007,Instagram,2026-01-01 08:55:00,@didi700,la pub pendant le match était bien placée à Port-Bouët,11,
C000008,Instagram,2026-01-01 18:30:00,@kone.916,"j'ai goûté hier, franchement c'est propre à Angré",3,
C000031,Instagram,2026-01-03 08:38:00,@junior544,le bouchon est difficile à ouvrir à Marcory,1,
C000033,TikTok,2026-01-03 13:17:00,@chris708,"mais plus de bissap dans mon quartier, c'est comment ?",9,
C000108,Instagram,2026-01-09 21:51:00,@awa_75,le 33cl est parfait pour le bureau 👌 à Koumassi 💪,0,
C000111,Instagram,2026-01-09 19:46:00,@mimi479,le 33cl à 500 c'est correct mais le 1L non 😍!!,8,
C000127,Facebook,2026-01-10 22:11:00,@stephane55,la vidéo TikTok est drôle 😂!!!,0,
C000142,Instagram,2026-01-11 14:12:00,@fatou71,"c'est frais et pas trop sucré, merci",10,
C000175,Instagram,2026-01-14 22:08:00,@nadege621,faut mettre à Adjamé aussi ooh...,6,
C000200,Facebook,2026-01-15 20:30:00,@kone.692,Abonne toi à ma page ❤️,3,
C000218,Instagram,2026-01-17 12:26:00,@didi95,"Formation trading gratuite, écris moi",2,
C000263,Facebook,2026-01-21 07:54:00,@awa_619,y a pas au maquis de Yopougon,2,
C000283,TikTok,2026-01-22 19:33:00,@didi490,c'est trop bon le bissap Awalé 😍 à Port-Bouët,1,
C000326,Facebook,2026-01-25 12:52:00,@awa_512,"j'ai vu à la radio, j'ai testé, je ne regrette pas",4,
C000342,Instagram,2026-01-26 11:03:00,@junior388,bon le 33cl est parfait pour le bureau 👌,1,
C000347,TikTok,2026-01-26 18:14:00,@serge558,le 33cl à 500 c'est correct mais le 1L non à Riviera 3 😒,1,
C000361,Facebook,2026-01-27 21:57:00,@kevin314,eh vous livrez sur Riviera 3 ? merci,2,
C000436,Instagram,2026-02-01 14:21:00,@chris67,faites un format 2L svp mdr ??,7,
C000469,Instagram,2026-02-03 19:50:00,@mimi186,le nouveau packaging est joli 😍 à Angré 😩,1,
C000506,Facebook,2026-02-05 10:27:00,@chris422,mes  enfants adorent le bissap Awalé,1,
C000521,Facebook,2026-02-05 15:42:00,@fatou194,"vraiment bravo, c'est bien fait voilà 🙏",0,
C000540,TikTok,2026-02-07 15:26:00,@mimi640,"Perte de poids en 7 jours, DM 💊",2,
C000544,Instagram,2026-02-07 10:00:00,@serge904,le livreur ne répond pas à Port-Bouët,1,
C000551,TikTok,2026-02-08 16:12:00,@chris451,c'est trop bon le bissap Awalé 😍,0,
C000563,Instagram,2026-02-09 11:05:00,@mariam127,vous livrez à Bingerville ? mdr à Yopougon,6,
C000568,Instagram,2026-02-09 22:27:00,@ibrahim234,"j'ai goûté hier, franchement c'est propre mdr",12,
C000572,Instagram,2026-02-09 09:03:00,@aya642,❤️❤️❤️,1,
C000580,Instagram,2026-02-10 18:30:00,@bakary93,concurrence est moins chère hein ooh à Riviera 3,0,
C000602,Instagram,2026-02-11 23:49:00,@aya200,hey svp mettez dans les supermarchés de Cocody...,1,
C000612,TikTok,2026-02-12 12:06:00,@aya104,eh la bouteille fuit un peu à Angré,10,
C000619,Instagram,2026-02-12 17:32:00,@stephane518,"cherché partout hier, introuvable mdr à Treichville",7,
C000623,TikTok,2026-02-12 23:58:00,@kone.601,vous livrez à Bingerville ? à Abobo,6,
C000638,Instagram,2026-02-13 12:30:00,@aya372,vous avez une version sans sucre ? mdr,4,
C000646,Instagram,2026-02-14 19:16:00,@fatou157,1500 c'est trop cher hein 😩,0,
C000650,TikTok,2026-02-14 10:34:00,@rita379,vous livrez sur Riviera 3 ? 🔥,4,
C000654,TikTok,2026-02-14 20:28:00,@yao168,"qualité au top, continuez comme ça 💪 voilà",9,
C000678,Instagram,2026-02-16 11:53:00,@awa_658,"j'ai goûté hier, franchement c'est propre à Abobo",1,
C000729,TikTok,2026-02-19 17:40:00,@bakary684,le 33cl est parfait pour le bureau 👌 😩,4,
C000787,TikTok,2026-02-22 07:15:00,@chris889,"c'est frais et pas trop sucré, merci",5,
C000798,TikTok,2026-02-22 12:40:00,@aicha_193,prévoyez des packs de 6 pour les familles 🙏,14,
C000848,TikTok,2026-02-25 21:09:00,@kone.420,Suis moi je te suis 🔙,4,
C000859,Facebook,2026-02-26 14:53:00,@junior223,concurrence est moins chère hein dèh,7,
C000905,TikTok,2026-03-02 14:19:00,@didi837,le 33cl à 500 c'est correct mais le 1L non merci,1,
C000907,Facebook,2026-03-02 11:30:00,@mariam466,"cé frais et pas trop sucré, merci 🙏 à Bingerville",4,
C000916,Instagram,2026-03-02 22:36:00,@mimi259,👍,0,
C000929,TikTok,2026-03-03 08:08:00,@didi266,Vends iPhone 13 neuf 07 00 00 00 00,0,
C000960,Instagram,2026-03-05 16:30:00,@ibrahim82,le bouchon est difficile à ouvrir à Yopougon,1,
C000978,Instagram,2026-03-06 13:33:00,@kevin305,where can I buy this in Abidjan?,0,
C000988,TikTok,2026-03-07 07:50:00,@junior345,le 33cl est parfait pour le bureau 👌 à Port-Bouët...,1,
C001038,Facebook,2026-03-10 12:36:00,@awa_846,Boostez vos followers 📈 DM,0,
C001039,Instagram,2026-03-10 18:04:00,@aicha_45,franchement belle campagne pour la CAN 🇨🇮,3,
C001117,Facebook,2026-03-15 10:34:00,@fatou688,le nouveau packaging est joli 😍,4,
C001119,Facebook,2026-03-15 20:11:00,@mimi563,le gingembre est enjaillant dèh 🔥 👌,5,
C001129,Instagram,2026-03-16 17:44:00,@traore459,Suis moi je te suis 🔙,7,
C001138,TikTok,2026-03-16 10:09:00,@bakary9,hey tchê c'est doux 😍,0,
C001170,Instagram,2026-03-18 18:49:00,@didi888,PRÊT D'ARGENT RAPIDE SANS GARANTIE contactez,16,
C001172,Facebook,2026-03-18 16:08:00,@aya752,hey le livreur ne répond pas 😂,0,
C001175,Instagram,2026-03-19 20:36:00,@aicha_287,"qualité au top, continuez comme ça 💪...",3,
C001196,Instagram,2026-03-20 13:26:00,@traore219,"cherché partout hier, introuvable",11,
C001199,TikTok,2026-03-20 17:48:00,@stephane26,C'EST DU BISSAP NATUREL OU DU CONCENTRÉ ? DÈH,1,
C001215,Instagram,2026-03-21 12:31:00,@serge925,la pub pendant le match était bien placée,1,
C001226,Facebook,2026-03-22 17:29:00,@didi442,@awale_ci tchê c'est doux mdr à Port-Bouët,1,
C001240,TikTok,2026-03-23 14:04:00,@rita984,svp c'est sucré comment ? il y a du sucre ajouté ?,18,
C001243,Facebook,2026-03-23 12:32:00,@aicha_410,🔥🔥🔥,7,
C001252,Facebook,2026-03-24 19:22:00,@yao322,GAGNEZ 500.000F CLIQUEZ ICI 👉 bit.ly/xxxx,4,
C001278,Facebook,2026-03-26 11:14:00,@junior787,votre stand à Yopougon était bien organisé 🥤,4,
C001304,Instagram,2026-03-27 07:00:00,@didi513,diminuez le prix on va acheter plus!!,0,
C001318,Instagram,2026-03-28 13:05:00,@abou782,TCHÊ  C'EST DOUX,1,
C001329,TikTok,2026-03-29 20:05:00,@ibrahim899,où on trouve à Treichville ?,1,
C001339,Facebook,2026-03-29 11:51:00,@yao337,belle campagne pour la CAN 🇨🇮 à Abobo,9,
C001373,Facebook,2026-04-01 12:11:00,@fatou600,"c'est enjaillant, no drap merci à Marcory",1,
C001404,TikTok,2026-04-03 07:09:00,@rita570,"commande passée depuis 3h, toujours rien mdr à Treichville",9,
C001421,Instagram,2026-04-04 13:04:00,@mariam909,vu votre pub à la radio ce matin 📻 mdr,3,
C001431,Facebook,2026-04-05 12:03:00,@aya121,Boostez vos followers 📈 DM,7,
C001440,Facebook,2026-04-06 23:26:00,@traore732,votre stand à Yopougon était bien organisé,2,
C001446,TikTok,2026-04-06 18:32:00,@yao910,"plus de bissap dans mon quartier, c'est comment ?",0,
C001449,TikTok,2026-04-07 11:37:00,@yao751,quels sont les conservateurs dedans ? ❤️,3,
C001452,TikTok,2026-04-07 21:20:00,@abou534,rupture partout à Angré depuis 2 semaines 😤,2,
C001532,Instagram,2026-04-12 12:37:00,@awa_902,Bonjour,0,
C001549,Instagram,2026-04-13 23:09:00,@fatou226,vous livrez sur Riviera 3 ?,0,
C001557,TikTok,2026-04-14 13:49:00,@awa_642,mes enfants adorent le bissap Awalé dèh,6,
C001564,Instagram,2026-04-14 18:05:00,@ibrahim764,"slt j'ai vu chez @miss_abj_lifestyle, je viens voir à Yopougon",1,
C001567,TikTok,2026-04-14 22:27:00,@kevin643,"slt cherché partout hier, introuvable",0,
C001574,Facebook,2026-04-15 16:16:00,@kevin767,y a pas drap avec Awalé,3,
C001576,Facebook,2026-04-15 19:48:00,@aicha_101,PRÊT D'ARGENT RAPIDE SANS GARANTIE contactez,2,
C001587,Facebook,2026-04-16 15:22:00,@kone.969,slt le bouchon est difficile à ouvrir 🙏 à Yopougon,2,
C001588,Instagram,2026-04-16 16:10:00,@traore12,où on trouve à Treichville ? dèh,2,
C001613,Facebook,2026-04-17 23:39:00,@awa_186,franchement arrêtez les pubs trop répétitives svp,1,
C001617,Facebook,2026-04-17 07:54:00,@nadege293,y a pas au makis de Yopougon,2,
C001649,Instagram,2026-04-20 14:20:00,@awa_979,mes enfants adorent le bissap Awalé 😍,7,
C001672,TikTok,2026-04-22 08:01:00,@mariam273,le livreur ne répond pas,1,
C001686,Facebook,2026-04-24 08:37:00,@kone.410,GAGNEZ 500.000F CLIQUEZ ICI 👉 bit.ly/xxxx,0,
C001689,Instagram,2026-04-24 17:49:00,@traore838,1500 c'est trop cher hein 😩,4,
C001692,TikTok,2026-04-24 19:26:00,@kone.950,"j'ai fait 3 boutiques, rien qui est comme moi ? 👏",9,
C001695,Facebook,2026-04-24 07:33:00,@didi49,rupture partout à Angré depuis 2 semaines 😤 ooh,11,
C001702,Facebook,2026-04-25 21:14:00,@awa_762,1500 c'est trop cher hein 😩 répondez svp,4,
C001707,TikTok,2026-04-25 19:06:00,@bakary222,pourquoi  il n'y a plus rien en rayon ?,1,
C001712,TikTok,2026-04-25 14:02:00,@ibrahim684,où on trouve à Treichville ? dèh à Yopougon,2,
C001758,Facebook,2026-04-28 16:29:00,@kevin615,"j'ai fait 3 boutiques, rien",4,
C001764,Facebook,2026-04-29 16:12:00,@didi778,la pub pendant le match était bien placée,0,
C001765,TikTok,2026-04-29 08:23:00,@kevin572,meilleur bissap d'Abidjan wallah,6,
C001808,Instagram,2026-05-02 12:04:00,@ibrahim484,"plus de bissap dans mon quartier, c'est comment ? ??",12,
C001826,TikTok,2026-05-04 20:13:00,@fatou572,svp mettez dans les supermarchés de Cocody,2,
C001834,Instagram,2026-05-04 12:08:00,@junior277,y a pas au maquis de Yopougon voilà,1,
C001841,TikTok,2026-05-05 07:11:00,@bakary663,c'est sucré comment ? il y a du sucre ajouté ?,5,
C001883,Facebook,2026-05-08 13:52:00,@yao827,mon frère c'est cher dèh,0,
C001890,Instagram,2026-05-09 18:05:00,@nadege799,pourkoi il n'y a plus rien en rayon ? à Adjamé 👌,3,
C001891,TikTok,2026-05-09 09:46:00,@kevin896,@awale_ci pourquoi il n'y a plus rien en rayon ? ooh,2,
C001914,Instagram,2026-05-10 09:16:00,@traore45,hey pourquoi il n'y a plus rien en rayon ?,2,
C001926,TikTok,2026-05-11 07:54:00,@serge27,👍,2,
C001936,TikTok,2026-05-12 14:10:00,@mimi937,trop cher pour la qualité désolé,1,
C001942,Facebook,2026-05-13 07:33:00,@aicha_52,slt love the branding 🔥 qui est comme moi ?,15,
C001947,TikTok,2026-05-13 11:19:00,@rita574,"qualité au top, continuez comme ça 💪 dèh à Koumassi 🇨🇮 ??",0,
C001956,TikTok,2026-05-14 14:04:00,@junior480,"Formation trading gratuite, écris moi",2,
C001970,TikTok,2026-05-14 14:39:00,@mariam957,hey do you ship to Grand-Bassam? à Treichville,0,
C001976,Instagram,2026-05-15 23:04:00,@aya839,"vraiment bravo, c'est bien fait ??",1,
C001979,Instagram,2026-05-15 09:11:00,@bakary445,"je prends 2 bouteilles chake soir, top!!!",11,
C001999,Facebook,2026-05-17 09:19:00,@mimi597,commande annulée sans explication,3,
C002006,Instagram,2026-05-17 07:16:00,@rita918,Abonne toi à ma page ❤️,1,
C002024,TikTok,2026-05-19 16:47:00,@ibrahim602,"Perte de poids en 7 jours, DM 💊",2,
C002040,Instagram,2026-05-20 20:06:00,@kevin449,Bjr love the branding 🔥 😂,1,
C002061,Facebook,2026-05-22 15:50:00,@aya205,la pub pendant le match était bien placée ooh à Yopougon,1,
C002097,TikTok,2026-05-25 07:36:00,@bakary95,Bjr vous livrez à Bingerville ?,1,
C002100,Instagram,2026-05-25 12:24:00,@stephane501,cé sucré comment ? il y a du sucre ajouté ?,2,
C002108,Instagram,2026-05-25 21:41:00,@serge155,"Perte de poids en 7 jours, DM 💊",1,
C002116,Instagram,2026-05-26 20:20:00,@junior583,Bjr meilleur bissap d'Abidjan wallah 😂,0,
C002142,Instagram,2026-05-28 14:19:00,@rita815,trop cher pour la qualité désolé 🙏,1,
C002178,Instagram,2026-05-31 07:00:00,@bakary505,"c'est frais et pas trop sucré, merci dèh à Marcory",2,
C002192,TikTok,2026-06-01 16:31:00,@kevin792,love the branding 🔥,4,
C002209,Facebook,2026-06-02 22:45:00,@nadege837,bonjour meilleur bissap d'Abidjan wallah répondez svp à Abobo,14,
C002213,Instagram,2026-06-02 16:00:00,@junior573,vous livrez sur Riviera 3 ?,4,
C002214,Instagram,2026-06-02 09:48:00,@aicha_870,le stand hier à Cocody 🔥 dégustation top dèh,2,
C002221,Facebook,2026-06-03 18:07:00,@yao585,GAGNEZ 500.000F CLIQUEZ ICI 👉 bit.ly/xxxx,14,
C002228,Instagram,2026-06-03 20:20:00,@chris536,le bouye est doux paa 😋,4,
C002253,TikTok,2026-06-05 20:55:00,@ibrahim854,"j'ai vu à la radio, j'ai testé, je ne regrette pas!!!",1,
C002266,Facebook,2026-06-06 23:08:00,@nadege761,prévoyez des packs de 6 pour les familles à Treichville,2,
C002267,Facebook,2026-06-06 19:31:00,@serge109,C'EST TROP BON LE BISSAP AWALÉ 😍,2,
C002269,TikTok,2026-06-06 15:35:00,@aicha_711,"J'AI VU CHEZ @MISS_ABJ_LIFESTYLE, JE VIENS VOIR 🥤",5,
C002305,Instagram,2026-06-09 22:30:00,@junior697,pourquoi il n'y a plus rien en rayon ?,5,
C002365,TikTok,2026-06-13 22:50:00,@junior514,"vraiment bravo, c'est bien fait svp",4,
C002366,Instagram,2026-06-13 12:46:00,@bakary290,Vends iPhone 13 neuf 07 00 00 00 00,4,
C002372,TikTok,2026-06-14 14:58:00,@stephane62,faut  baisser le prix ooh,7,
C002395,Instagram,2026-06-15 20:01:00,@mariam974,la bouteille fuit un peu merci à Abobo,1,
C002467,Instagram,2026-06-20 10:18:00,@traore322,svp mettez dans les supermarchés de Cocody svp,7,
C002487,TikTok,2026-06-21 16:28:00,@junior532,mais faut mettre à Adjamé aussi ooh hein,2,
C002514,Facebook,2026-06-24 16:48:00,@nadege768,franchement kpakpato va parler mais c'est bon 😂 à Adjamé 😍,0,
C002544,TikTok,2026-06-26 22:19:00,@chris483,Bjr à 1500 francs le litre c'est chaud pour nous 🔥,3,
C002574,Facebook,2026-06-28 10:35:00,@stephane403,"slt j'ai goûté hier, franchement c'est propre 😩",1,
C002579,Instagram,2026-06-29 14:47:00,@bakary130,mes enfants adorent le bissap Awalé,3,
C002582,Instagram,2026-06-29 09:26:00,@mimi893,sincèrement mon frère c'est cher dèh,3,
C002604,Facebook,2026-04-23 14:36:00,@nadege741,👍,4,
C002651,Instagram,2026-02-14 13:16:00,@serge54,mes enfants adorent le bissap Awalé voilà...,4,
C002667,Facebook,2026-01-26 23:15:00,@traore640,le gingembre est enjaillant dèh 🔥,4,
C002674,Instagram,2026-01-29 15:12:00,@stephane946,"sincèrement j'ai goûté hier, franchement c'est propre à Koumassi",1,
C002737,Instagram,2026-05-09 22:07:00,@bakary646,vous livrez à Bingerville ? ??,1,
C002744,TikTok,2026-06-13 12:52:00,@kone.984,non c'est faux hein,5,C002355
C002788,Facebook,2026-05-07 10:05:00,@kevin737,+1,5,C001868
C002808,Instagram,2026-01-25 23:57:00,@serge587,merci pour l'info,7,C000336
C002820,TikTok,2026-04-05 15:53:00,@serge694,+1,12,C001439
C000004,Facebook,2026-01-01 16:04:00,@kone.740,c'est trop bon le bissap Awalé 😍,0,
C000014,Facebook,2026-01-01 07:00:00,@ibrahim842,c'est gbé ça 😎 à Port-Bouët,2,
C000018,Instagram,2026-01-02 19:46:00,@fatou963,y a pas drap avec Awalé 🙏 👌,9,
C000023,TikTok,2026-01-02 17:43:00,@rita549,mes enfants adorent le bissap Awalé!!!,8,
C000077,Facebook,2026-01-06 09:56:00,@abou921,concurrence est moins chère hein à Yopougon 👌,3,
C000081,Instagram,2026-01-07 18:01:00,@mariam739,"vraiment bravo, c'est bien fait",5,
C000086,Instagram,2026-01-07 23:09:00,@aya999,le 33cl est parfait pour le bureau 👌 à Abobo,0,
C000126,Instagram,2026-01-10 20:47:00,@abou976,le prix a encore monté ? s'il vs plaît à Koumassi,6,
C000148,Facebook,2026-01-11 20:04:00,@abou111,vs livrez à Bingerville ?,9,
C000169,TikTok,2026-01-13 07:15:00,@serge439,do you ship to Grand-Bassam?,3,
C000180,Facebook,2026-01-14 09:05:00,@awa_514,PRÊT D'ARGENT RAPIDE SANS GARANTIE contactez,0,
C000197,Instagram,2026-01-15 23:47:00,@awa_681,"BONJOUR VRAIMENT BRAVO, C'EST BIEN FAIT À BINGERVILLE 💪",4,
C000201,TikTok,2026-01-16 08:04:00,@junior971,"vraiment bravo, c'est bien fait hein",11,
C000253,Instagram,2026-01-20 18:27:00,@fatou401,le stand hier à Cocody 🔥 dégustation top,1,
C000278,Instagram,2026-01-21 08:46:00,@stephane206,"vraiment bravo, c'est bien fait 🥤",0,
C000314,TikTok,2026-01-24 07:07:00,@serge212,Bjr le 33cl est parfait pour le bureau 👌 😍,0,
C000320,TikTok,2026-01-24 12:28:00,@bakary963,"j'ai fait 3 boutiques, rien",5,
C000343,Facebook,2026-01-26 10:14:00,@awa_357,"vraiment bravo, c'est bien fait 🥤",17,
C000344,Facebook,2026-01-26 22:35:00,@aya848,"bon c'est frais et pas trop sucré, merci ❤️",0,
C000353,Instagram,2026-01-26 17:46:00,@abou778,mais prévoyez des packs de 6 pour les familles,0,
C000355,TikTok,2026-01-26 08:05:00,@mariam406,diminuez le prix on va acheter plus ??,7,
C000390,Facebook,2026-01-29 15:51:00,@kevin68,"j'ai vu à la radio, j'ai testé, je ne regrette pas répondez svp",3,
C000402,Instagram,2026-01-29 11:05:00,@junior488,"qualité au top, continuez comme ça 💪 à Abobo",20,
C000404,TikTok,2026-01-29 11:46:00,@kone.435,"j'ai vu à la radio, j'ai testé, je ne regrette pas 👌",2,
C000418,Facebook,2026-01-30 18:14:00,@ibrahim220,vous avez une version sans sucre ? à Cocody,2,
C000426,Facebook,2026-01-31 21:52:00,@didi650,arrêtez les pubs trop répétitives svp hein,6,
C000454,Facebook,2026-02-02 13:44:00,@aya436,👍,5,
C000460,Facebook,2026-02-02 10:58:00,@junior773,mes enfants adorent le bissap Awalé 🔥!!!,3,
C000466,Facebook,2026-02-03 15:30:00,@didi468,le bouye est doux paa 😋 voilà,5,
C000477,TikTok,2026-02-03 10:46:00,@yao672,kpakpato va parler mais c'est bon 😂 hein,3,
C000490,Facebook,2026-02-04 07:52:00,@abou251,vous livrez à Bingerville ? à Angré 🇨🇮,0,
C000522,TikTok,2026-02-06 10:20:00,@chris112,la vidéo TikTok est drôle 😂,2,
C000534,Instagram,2026-02-06 22:03:00,@aya653,slt rupture partout à Angré depuis 2 semaines 😤 😩!!,8,
C000541,Facebook,2026-02-07 14:28:00,@mimi937,c'est sucré comment ? il y a du sucre ajouté ? 😍,5,
C000564,TikTok,2026-02-09 15:09:00,@aya500,vous livrez sur Riviera 3 ? à Adjamé,3,
C000570,Facebook,2026-02-09 17:24:00,@bakary994,vous  avez une version sans sucre ?,0,
C000587,Instagram,2026-02-10 10:06:00,@traore172,"c'est frais et pas trop sucré, merci",1,
C000629,Facebook,2026-02-13 19:47:00,@serge552,la bouteille fuit un peu ooh à Treichville 🙏,16,
C000632,TikTok,2026-02-13 08:02:00,@fatou464,les diabétiques peuvent boire ?,0,
C000640,Instagram,2026-02-13 16:52:00,@aya341,mes enfants adorent le bissap Awalé 😂,1,
C000643,Facebook,2026-02-14 23:30:00,@aicha_209,"svp  j'ai goûté hier, franchement c'est propre",0,
C000656,Facebook,2026-02-14 11:14:00,@abou159,le bouye est doux paa 😋 ooh,10,
C000696,TikTok,2026-02-17 09:02:00,@yao556,"j'ai commandé sur WhatsApp, arrivé rapide 👍 à Abobo",1,
C000747,Instagram,2026-02-20 09:28:00,@awa_302,"kalité au top, continuez comme ça 💪",4,
C000766,Facebook,2026-02-21 09:53:00,@kone.562,vs livrez à Bingerville ?,0,
C000785,Facebook,2026-02-22 09:09:00,@abou677,"c'est frais et pas trop sucré, merci à Riviera 3",10,
C000797,Instagram,2026-02-22 14:20:00,@mariam379,GAGNEZ 500.000F CLIQUEZ ICI 👉 bit.ly/xxxx,3,
C000806,Facebook,2026-02-23 19:13:00,@stephane723,c'est trop bon le bissap Awalé 😍...,23,
C000813,Instagram,2026-02-23 12:20:00,@mariam403,faites un format 2L svp 😍,4,
C000828,Facebook,2026-02-24 23:46:00,@ibrahim19,la bouteille fuit un peu,11,
C000845,Facebook,2026-02-25 11:07:00,@kevin569,meilleur bissap d'Abidjan wallah 😂!!,1,
C000856,Facebook,2026-02-26 23:10:00,@aicha_998,le livreur ne répond pas,0,
C000862,Instagram,2026-02-26 10:13:00,@awa_184,c'est trop bon le bissap Awalé 😍,0,
C000877,Instagram,2026-02-27 23:47:00,@traore624,hey mon frère c'est cher dèh,0,
C000884,TikTok,2026-02-28 14:32:00,@aya368,c'est sucré comment ? il y a du sucre ajouté ?,3,
C000889,Facebook,2026-03-01 10:32:00,@awa_803,❤️❤️❤️,0,
C000911,Instagram,2026-03-02 20:35:00,@mariam197,svp mes enfants adorent le bissap Awalé,3,
C000954,Facebook,2026-03-05 11:49:00,@kevin35,"je prends 2 bouteilles chaque soir, top à Cocody",2,
C000955,TikTok,2026-03-05 22:15:00,@stephane695,le 33cl est parfait pour le bureau 👌 à Port-Bouët,3,
C000969,TikTok,2026-03-06 19:44:00,@kone.815,sincèrement kpakpato va parler mais c'est bon 😂,2,
C001015,Instagram,2026-03-09 11:37:00,@ibrahim572,"vraiment bravo, c'est bien fait svp 👌",3,
C001074,TikTok,2026-03-12 14:41:00,@bakary31,mon frère c'est cher dèh à Cocody,3,
C001107,Facebook,2026-03-14 13:57:00,@junior314,rupture partout à Angré depuis 2 semaines 😤 😋,2,
C001128,TikTok,2026-03-16 07:13:00,@fatou367,"j'ai vu à la radio, j'ai testé, je ne regrette pas",0,
C001139,TikTok,2026-03-16 20:38:00,@awa_652,"plus de bissap dans mon quartier, c'est comment ? à Treichville",8,
C001155,TikTok,2026-03-17 10:48:00,@fatou960,concurrence est moins chère hein merci,7,
C001186,Instagram,2026-03-19 22:00:00,@kone.640,"qualité au top, continuez comme ça 💪",2,
C001212,Instagram,2026-03-21 21:49:00,@yao7,meilleur bissap d'Abidjan wallah à Abobo,16,
C001217,Facebook,2026-03-21 12:21:00,@kevin527,the hibiscus one is great hein,13,
C001233,TikTok,2026-03-22 16:17:00,@aya268,"j'ai goûté hier, franchement c'est propre!!!",6,
C001253,Instagram,2026-03-24 08:21:00,@traore35,"bon vraiment bravo, c'est bien fait répondez svp",5,
C001254,Instagram,2026-03-24 11:24:00,@ibrahim698,Abonne toi à ma page ❤️,4,
C001284,Facebook,2026-03-26 20:59:00,@abou45,mes enfants adorent le bissap Awalé à Cocody,3,
C001298,TikTok,2026-03-27 21:32:00,@ibrahim392,"vraiment bravo, c'est bien fait à Adjamé",3,
C001309,Instagram,2026-03-28 21:35:00,@kone.972,"qualité au top, continuez comme ça 💪",3,
C001328,Instagram,2026-03-29 17:23:00,@aicha_445,@awale_ci do you ship to Grand-Bassam? à Yopougon,11,
C001333,Facebook,2026-03-29 15:29:00,@junior756,vous livrez à Bingerville ?,2,
C001341,Instagram,2026-03-30 18:43:00,@didi137,👍,5,
C001345,Facebook,2026-03-30 22:58:00,@abou504,le prix a encore monté ?,5,
C001355,TikTok,2026-03-30 22:21:00,@bakary804,1500 c'est trop cher hein 😩,7,
C001362,Instagram,2026-03-31 10:38:00,@junior623,"sincèrement  j'ai goûté hier, franchement cé propre",9,
C001368,Facebook,2026-03-31 20:37:00,@junior322,@awale_ci vous avez une version sans sucre ?!!,0,
C001375,Facebook,2026-04-01 19:12:00,@kone.368,"franchement j'ai commandé sur WhatsApp, arrivé rapide 👍",2,
C001379,TikTok,2026-04-01 10:48:00,@awa_549,"c'est frais et pas trop sucré, merci",4,
C001394,Facebook,2026-04-02 10:49:00,@mimi903,Suis moi je te suis 🔙,5,
C001405,Facebook,2026-04-03 21:35:00,@serge173,diminuez le prix on va acheter plus,0,
C001437,TikTok,2026-04-05 07:37:00,@mariam654,on ne trouve plus 😭 cé fini ?,2,
C001450,Instagram,2026-04-07 16:40:00,@kone.627,Bjr pourquoi il n'y a plus rien en rayon ?,4,
C001462,TikTok,2026-04-07 21:34:00,@mimi216,livraison trop lente 😒,2,
C001473,Instagram,2026-04-08 21:56:00,@abou626,love the branding 🔥 👏,5,
C001478,Instagram,2026-04-08 07:19:00,@kevin172,meilleur bissap d'Abidjan wallah,3,
C001547,Facebook,2026-04-13 08:04:00,@aya510,"commande passée depuis 3h, toujours rien",16,
C001556,TikTok,2026-04-14 20:15:00,@bakary675,la vidéo TikTok est drôle 😂 à Abobo!!!,9,
C001575,Instagram,2026-04-15 20:45:00,@nadege349,the hibiscus one is great 😋,0,
C001579,Facebook,2026-04-15 20:06:00,@rita210,c'est gbé ça 😎 s'il vous plaît,1,
C001595,Facebook,2026-04-16 12:36:00,@serge839,le nouveau packaging est joli 😍,0,
C001601,Facebook,2026-04-17 09:08:00,@mariam467,TCHÊ  C'EST DOUX 👏,1,
C001611,Facebook,2026-04-17 22:29:00,@ibrahim528,le bouchon est difficile à ouvrir 🙏 🔥,1,
C001626,Facebook,2026-04-18 18:37:00,@yao432,slt mes enfants adorent le bissap Awalé s'il vous plaît 😋,1,
C001630,Instagram,2026-04-19 21:00:00,@bakary542,pourquoi il n'y a plus rien en rayon ?,1,
C001647,TikTok,2026-04-20 12:20:00,@bakary501,arrêtez les pubs trop répétitives svp,5,
C001706,Facebook,2026-04-25 12:06:00,@junior276,"j'ai vu chez @miss_abj_lifestyle, je viens voir 🥤",7,
C001714,Facebook,2026-04-25 18:30:00,@yao611,❤️❤️❤️,5,
C001735,TikTok,2026-04-27 15:07:00,@ibrahim17,"j'ai commandé sur WhatsApp, arrivé rapide 👍 mdr 🙏...",5,
C001736,Facebook,2026-04-27 07:55:00,@aya889,Abonne toi à ma page ❤️,9,
C001737,Facebook,2026-04-27 09:20:00,@mariam469,le stand hier à Cocody 🔥 dégustation top,0,
C001780,TikTok,2026-04-30 16:22:00,@chris858,diminuez le prix on va acheter plus 😩...,4,
C001793,Facebook,2026-05-01 10:28:00,@fatou781,"j'ai fait 3 boutiques, rien hein à Abobo",2,
C001803,Facebook,2026-05-02 07:05:00,@mariam671,arrêtez les pubs trop répétitives svp 😒!!!,4,
C001805,Facebook,2026-05-02 16:58:00,@kevin155,rupture partout à Angré depuis 2 semaines 😤 🔥,7,
C001810,Instagram,2026-05-02 15:13:00,@kone.117,@awale_ci tchê cé doux,1,
C001815,Instagram,2026-05-03 07:21:00,@serge189,eh c'est gbé ça 😎,1,
C001829,Instagram,2026-05-04 08:48:00,@aicha_841,y  a pas au maquis de Yopougon voilà à Treichville,2,
C001861,Facebook,2026-05-07 17:35:00,@mimi342,y a pas au maquis de Yopougon,1,
C001900,Instagram,2026-05-09 22:07:00,@bakary646,vous livrez à Bingerville ? ??,1,
C001925,Facebook,2026-05-11 14:17:00,@aya340,mes  enfants adorent le bissap Awalé,0,
C001937,Instagram,2026-05-12 10:58:00,@abou813,où on trouve à Treichville ?,0,
C001964,Facebook,2026-05-14 19:29:00,@rita43,où on trouve à Treichville ?,4,
C001982,Instagram,2026-05-15 19:52:00,@stephane795,"c'est enjaillant, no drap à Yopougon",1,
C001987,Instagram,2026-05-16 09:23:00,@didi104,vu votre pub à la radio ce matin 📻 merci,1,
C001993,TikTok,2026-05-16 15:17:00,@mariam154,eh le bouye est doux paa 😋 hein 💪,0,
C001994,Facebook,2026-05-16 18:00:00,@junior142,"je prends 2 bouteilles chake soir, top 👏",6,
C002020,Facebook,2026-05-18 19:22:00,@mariam84,tchê c'est doux,5,
C002079,TikTok,2026-05-23 22:48:00,@awa_108,faut baisser le prix ooh s'il vous plaît à Treichville,0,
C002082,TikTok,2026-05-23 23:28:00,@stephane742,l'étiquette se décolle au frigo à Bingerville,2,
C002087,Instagram,2026-05-23 16:04:00,@mimi174,c'est trop bon le bissap Awalé 😍 à Angré,8,
C002096,Facebook,2026-05-24 18:19:00,@awa_325,slt faut baisser le prix ooh à Bingerville,13,
C002167,TikTok,2026-05-30 07:13:00,@aya554,"j'ai vu à la radio, j'ai testé, je ne regrette pas",1,
C002205,Facebook,2026-06-02 10:08:00,@yao604,faut  baisser le prix ooh,2,
C002210,Instagram,2026-06-02 11:13:00,@aya359,BONJOUR ANY SUGAR-FREE OPTION? DÈH À COCODY,5,
C002232,Instagram,2026-06-03 11:44:00,@serge519,"j'ai goûté hier, franchement c'est propre",1,
C002237,TikTok,2026-06-04 23:50:00,@fatou283,Vends iPhone 13 neuf 07 00 00 00 00,3,
C002239,Instagram,2026-06-04 12:16:00,@junior564,@awale_ci le 33cl à 500 c'est correct mais le 1L non 🙏,2,
C002309,TikTok,2026-06-09 23:44:00,@abou302,le gingembre est enjaillant dèh 🔥 voilà 🙏,7,
C002352,TikTok,2026-06-13 23:05:00,@fatou29,concurrence est moins chère hein 🙏,6,
C002353,Instagram,2026-06-13 23:31:00,@nadege755,"sincèrement plus de bissap dans mon kartier, cé comment ? à Plateau",3,
C002359,Facebook,2026-06-13 17:07:00,@bakary731,meilleur bissap d'Abidjan wallah à Cocody,13,
C002392,Instagram,2026-06-15 10:30:00,@bakary589,pourquoi il n'y a plus rien en rayon ? 😒,4,
C002394,Instagram,2026-06-15 16:14:00,@kone.200,diminuez le prix on va acheter plus,7,
C002398,Instagram,2026-06-15 08:46:00,@kevin645,bonjour c'est trop bon le bissap Awalé 😍 svp à Port-Bouët,20,
C002406,TikTok,2026-06-15 23:40:00,@rita987,le bouye est doux paa 😋...,4,
C002435,Facebook,2026-06-17 23:22:00,@kone.876,Bonjour,0,
C002452,TikTok,2026-06-19 19:02:00,@stephane491,bonjour le prix a encore monté ?,0,
C002524,Facebook,2026-06-25 15:33:00,@bakary492,vous livrez à Bingerville ? à Port-Bouët!!,2,
C002553,Instagram,2026-06-27 18:58:00,@abou534,LE GINGEMBRE EST ENJAILLANT DÈH 🔥 QUI EST COMME MOI ?,7,
C002571,TikTok,2026-06-28 15:56:00,@stephane415,Bjr prévoyez des packs de 6 pour les familles mdr 😂!!!,1,
C002589,Instagram,2026-06-29 15:29:00,@didi906,c'est  sucré comment ? il y a du sucre ajouté ? 😩!!,6,
C002603,Instagram,2026-03-19 21:24:00,@yao240,trop cher pour la qualité désolé s'il vous plaît à Bingerville,1,
C002630,TikTok,2026-06-02 17:41:00,@aicha_989,vous livrez à Bingerville ? 😩,8,
C002637,TikTok,2026-03-17 10:48:00,@fatou960,concurrence est moins chère hein merci,7,
C002655,TikTok,2026-02-04 23:54:00,@ibrahim321,bon vous livrez sur Riviera 3 ?,13,
C002672,TikTok,2026-04-23 10:39:00,@rita126,franchement c'est gbé ça 😎,2,
C002676,Instagram,2026-06-21 23:18:00,@bakary60,Boostez vos followers 📈 DM,1,
C002688,TikTok,2026-05-01 23:02:00,@abou119,"je prends 2 bouteilles chaque soir, top mdr",24,
C002696,Instagram,2026-02-01 14:21:00,@chris67,faites un format 2L svp mdr ??,7,
C002706,Facebook,2026-03-26 20:59:00,@abou45,mes enfants adorent le bissap Awalé à Cocody,3,
C002708,Instagram,2026-05-17 07:29:00,@aicha_462,GAGNEZ 500.000F CLIQUEZ ICI 👉 bit.ly/xxxx,0,
C002739,Instagram,2026-02-19 21:31:00,@traore493,"j'ai vu à la radio, j'ai testé, je ne regrette pas",6,
C002750,TikTok,2026-03-01 08:40:00,@yao318,mdr 😂,11,C000899
C002759,Facebook,2026-02-14 19:11:00,@ibrahim933,mdr 😂,4,C000655
C002771,Instagram,2026-06-05 15:08:00,@rita708,merci pour l'info,2,C002257
C002796,TikTok,2026-04-18 11:34:00,@nadege724,je confirme,5,C001625
C002806,TikTok,2026-06-01 16:31:00,@fatou869,mdr 😂,2,C002192
C002830,Facebook,2026-05-23 18:44:00,@chris915,+1,8,C002075
C000037,Facebook,2026-01-03 13:40:00,@mimi596,"qualité au top, continuez comme ça 💪!!!",9,
C000039,Facebook,2026-01-03 15:29:00,@abou168,prévoyez des packs de 6 pour les familles merci,3,
C000059,Instagram,2026-01-05 08:02:00,@junior932,BJR OÙ ON TROUVE À TREICHVILLE ?,2,
C000072,Facebook,2026-01-06 16:48:00,@aya715,Bonjour,0,
C000091,TikTok,2026-01-07 17:24:00,@traore960,on dit koi pour la promo ? 💪,1,
C000140,Facebook,2026-01-11 10:30:00,@bakary801,hey vous livrez sur Riviera 3 ? 👏,3,
C000145,TikTok,2026-01-11 11:21:00,@serge166,livraison nickel merci,3,
C000172,Instagram,2026-01-13 20:11:00,@fatou198,le stand hier à Cocody 🔥 dégustation top,0,
C000176,Instagram,2026-01-14 13:38:00,@fatou287,PRÊT D'ARGENT RAPIDE SANS GARANTIE contactez,2,
C000208,Instagram,2026-01-16 11:36:00,@bakary529,"plus de bissap dans mon kartier, cé comment ? 🇨🇮",0,
C000237,TikTok,2026-01-18 10:55:00,@nadege920,Suis moi je te suis 🔙,19,
C000266,Facebook,2026-01-21 13:31:00,@kevin393,bon meilleur bissap d'Abidjan wallah,7,
C000294,Instagram,2026-01-22 22:44:00,@kevin170,FAUT BAISSER LE PRIX OOH S'IL VOUS PLAÎT,11,
C000295,Instagram,2026-01-22 13:45:00,@traore588,franchement le gingembre est enjaillant dèh 🔥,5,
C000296,Facebook,2026-01-22 16:48:00,@serge395,where can I buy this in Abidjan?,4,
C000305,TikTok,2026-01-23 18:32:00,@mimi9,le gingembre est enjaillant dèh 🔥,2,
C000335,Facebook,2026-01-25 12:47:00,@abou382,votre stand à Yopougon était bien organisé à Riviera 3,0,
C000360,Instagram,2026-01-27 10:27:00,@mariam943,"C'EST ENJAILLANT, NO DRAP À MARCORY",1,
C000379,Instagram,2026-01-28 13:21:00,@awa_213,"vraiment bravo, c'est bien fait",5,
C000382,Facebook,2026-01-28 15:24:00,@kevin960,"j'ai goûté hier, franchement c'est propre",11,
C000386,TikTok,2026-01-28 14:42:00,@abou566,le gingembre est enjaillant dèh 🔥!!!,9,
C000387,TikTok,2026-01-29 17:18:00,@rita899,y a pas drap avec Awalé 😍,4,
C000394,TikTok,2026-01-29 08:32:00,@traore938,"j'ai vu à la radio, j'ai testé, je ne regrette pas",1,
C000401,Instagram,2026-01-29 12:25:00,@nadege860,le livreur ne répond pas,0,
C000416,Instagram,2026-01-30 16:31:00,@junior361,Abonne toi à ma page ❤️,0,
C000442,Instagram,2026-02-01 16:05:00,@junior938,"sincèrement je prends 2 bouteilles chaque soir, top",1,
C000462,Facebook,2026-02-02 13:52:00,@ibrahim274,GAGNEZ 500.000F CLIQUEZ ICI 👉 bit.ly/xxxx,3,
C000498,Facebook,2026-02-04 08:38:00,@nadege343,GAGNEZ 500.000F CLIQUEZ ICI 👉 bit.ly/xxxx,1,
C000535,Instagram,2026-02-07 08:05:00,@aicha_387,PRÊT D'ARGENT RAPIDE SANS GARANTIE contactez,0,
C000550,Instagram,2026-02-08 17:54:00,@didi893,arrêtez les pubs trop répétitives svp,3,
C000579,Instagram,2026-02-10 09:54:00,@nadege536,"j'ai vu chez @miss_abj_lifestyle, je viens voir",5,
C000581,Instagram,2026-02-10 08:32:00,@aya144,"mais plus de bissap dans mon quartier, c'est comment ? à Adjamé",5,
C000594,TikTok,2026-02-11 15:26:00,@stephane948,"cé frais et pas trop sucré, merci à Marcory 😋",2,
C000622,Instagram,2026-02-12 19:19:00,@nadege75,love the branding 🔥...,1,
C000627,Facebook,2026-02-13 23:43:00,@chris544,"j'ai  vu chez @miss_abj_lifestyle, je viens voir",3,
C000628,Instagram,2026-02-13 09:34:00,@rita530,la bouteille fuit un peu 😍,0,
C000634,Facebook,2026-02-13 23:54:00,@fatou642,"COMMANDE PASSÉE DEPUIS 3H, TOUJOURS RIEN DÈH À BINGERVILLE 😩",3,
C000637,Instagram,2026-02-13 14:15:00,@traore225,eh vu votre pub à la radio ce matin 📻,1,
C000657,Instagram,2026-02-15 17:43:00,@junior355,vs livrez à Bingerville ? 😂,12,
C000670,Facebook,2026-02-16 22:10:00,@bakary91,quels sont les conservateurs dedans ? 🥤,11,
C000718,Instagram,2026-02-18 14:12:00,@junior385,"j'ai goûté hier, franchement c'est propre hein à Cocody",0,
C000726,Instagram,2026-02-18 07:38:00,@junior552,livraison trop lente 😒,2,
C000751,Facebook,2026-02-20 22:10:00,@bakary538,vous avez une version sans sucre ?!!!,6,
C000756,Instagram,2026-02-20 13:39:00,@abou837,concurrence est moins chère hein à Plateau,8,
C000802,Instagram,2026-02-23 11:22:00,@mariam680,c'est du bissap naturel ou du concentré ? 💪,1,
C000804,Instagram,2026-02-23 07:38:00,@rita105,c'est sucré comment ? il y a du sucre ajouté ?,0,
C000827,Facebook,2026-02-24 14:28:00,@mimi484,"j'ai vu à la radio, j'ai testé, je ne regrette pas",7,
C000834,Facebook,2026-02-24 21:41:00,@ibrahim602,le 33cl est parfait pour le bureau 👌 🙏 ❤️...,15,
C000837,TikTok,2026-02-25 17:24:00,@abou397,à 1500 francs le litre c'est chaud pour nous,0,
C000843,Instagram,2026-02-25 22:39:00,@chris525,prévoyez des packs de 6 pour les familles,3,
C000853,Instagram,2026-02-26 23:07:00,@kevin611,concurrence est moins chère hein...,1,
C000881,Facebook,2026-02-28 22:47:00,@serge818,bonjour prévoyez des packs de 6 pour les familles voilà 👏,2,
C000891,TikTok,2026-03-01 08:46:00,@bakary365,PRÊT D'ARGENT RAPIDE SANS GARANTIE contactez,2,
C000920,TikTok,2026-03-03 22:37:00,@ibrahim723,👍,1,
C000921,Facebook,2026-03-03 23:24:00,@abou327,diminuez le prix on va acheter plus qui est comme moi ?,1,
C000944,Instagram,2026-03-04 12:13:00,@mariam722,"je prends 2 bouteilles chaque soir, top",4,
C000970,Instagram,2026-03-06 18:40:00,@awa_760,Suis moi je te suis 🔙,2,
C000983,TikTok,2026-03-07 11:39:00,@abou520,is it available in supermarkets? à Treichville,2,
C001033,TikTok,2026-03-10 13:18:00,@serge371,"j'ai fait 3 boutiques, rien!!",2,
C001059,Facebook,2026-03-11 09:17:00,@yao115,"c'est frais et pas trop sucré, merci",3,
C001091,Instagram,2026-03-13 12:24:00,@traore362,le gingembre est enjaillant dèh 🔥,6,
C001094,TikTok,2026-03-13 22:41:00,@nadege794,le bouye est doux paa 😋,3,
C001130,Facebook,2026-03-16 20:57:00,@fatou909,eh à 1500 francs le litre c'est chaud pour nous,18,
C001140,Instagram,2026-03-16 20:46:00,@chris136,"VRAIMENT BRAVO, C'EST BIEN FAIT À TREICHVILLE...",2,
C001165,Facebook,2026-03-18 17:02:00,@rita370,le livreur ne répond pas,1,
C001167,Instagram,2026-03-18 22:39:00,@rita571,"c'est frais et pas trop sucré, merci",0,
C001169,Instagram,2026-03-18 09:24:00,@didi227,bon c'est trop bon le bissap Awalé 😍,0,
C001171,Facebook,2026-03-18 19:12:00,@rita422,"qualité au top, continuez comme ça 💪",3,
C001184,Facebook,2026-03-19 07:18:00,@junior470,"j'ai vu chez @miss_abj_lifestyle, je viens voir",6,
C001201,Facebook,2026-03-20 16:43:00,@nadege956,le bouchon est difficile à ouvrir 👌,5,
C001208,Instagram,2026-03-21 16:02:00,@aicha_803,Boostez vos followers 📈 DM,17,
C001265,Facebook,2026-03-25 17:00:00,@abou71,"cé frais et pas trop sucré, merci svp",1,
C001266,Facebook,2026-03-25 14:32:00,@kevin328,"vraiment  bravo, c'est bien fait 🇨🇮",8,
C001283,Instagram,2026-03-26 17:22:00,@awa_850,👍,10,
C001287,Facebook,2026-03-26 14:47:00,@stephane380,"Formation trading gratuite, écris moi",4,
C001288,Facebook,2026-03-26 07:42:00,@junior482,quels  sont les conservateurs dedans ? dèh,2,
C001296,TikTok,2026-03-27 10:49:00,@mimi522,mes enfants adorent le bissap Awalé ooh 👌!!,4,
C001314,Instagram,2026-03-28 14:06:00,@junior612,quels sont les conservateurs dedans ?,5,
C001319,Facebook,2026-03-28 12:03:00,@didi498,eh la bouteille fuit un peu à Plateau,9,
C001378,TikTok,2026-04-01 23:08:00,@nadege925,👍,3,
C001393,TikTok,2026-04-02 23:04:00,@serge756,🔥🔥🔥,0,
C001403,Instagram,2026-04-03 20:07:00,@abou75,"je prends 2 bouteilles chaque soir, top",8,
C001417,Facebook,2026-04-04 19:11:00,@junior869,c'est du bissap naturel ou du concentré ? hein à Plateau 🥤,1,
C001427,Instagram,2026-04-05 14:23:00,@aicha_838,y a pas au makis de Yopougon!!,1,
C001451,TikTok,2026-04-07 17:27:00,@bakary129,vu votre pub à la radio ce matin 📻 🙏,1,
C001463,TikTok,2026-04-07 07:37:00,@abou15,svp svp mettez dans les supermarchés de Cocody 😂!!!,2,
C001465,Facebook,2026-04-08 22:41:00,@rita186,Vends iPhone 13 neuf 07 00 00 00 00,2,
C001475,Instagram,2026-04-08 16:59:00,@fatou675,stock fini à Marcory zone 4,4,
C001482,Instagram,2026-04-09 08:26:00,@aya660,"Perte de poids en 7 jours, DM 💊",0,
C001492,TikTok,2026-04-09 11:47:00,@mariam928,bon vous livrez à Bingerville ? ❤️,3,
C001494,Facebook,2026-04-09 17:33:00,@ibrahim577,c'est gbé ça 😎,10,
C001511,Facebook,2026-04-10 12:03:00,@serge498,vous avez une version sans sucre ?,3,
C001551,Instagram,2026-04-13 07:30:00,@mariam399,"vraiment bravo, c'est bien fait",12,
C001566,Instagram,2026-04-14 17:58:00,@chris287,"j'ai fait 3 boutiques, rien 😋",0,
C001584,TikTok,2026-04-15 07:23:00,@stephane606,y a pas drap avec Awalé,0,
C001591,TikTok,2026-04-16 10:07:00,@fatou842,bon le stand hier à Cocody 🔥 dégustation top,0,
C001605,Facebook,2026-04-17 16:42:00,@rita561,vu votre pub à la radio ce matin 📻,0,
C001618,Facebook,2026-04-18 07:35:00,@junior910,stock fini à Marcory zone 4,3,
C001624,Facebook,2026-04-18 16:20:00,@mariam233,le 33cl à 500 c'est correct mais le 1L non voilà,5,
C001678,TikTok,2026-04-23 14:27:00,@awa_373,le 33cl est parfait pour le bureau 👌,0,
C001719,Instagram,2026-04-26 22:40:00,@mimi803,hey le nouveau packaging est joli 😍 à Riviera 3,2,
C001725,Instagram,2026-04-26 23:37:00,@traore71,mais arrêtez les pubs trop répétitives svp 👏,2,
C001733,TikTok,2026-04-27 09:36:00,@traore558,le prix a encore monté ?,0,
C001796,Instagram,2026-05-01 09:21:00,@chris256,"cé frais et pas trop sucré, merci",14,
C001817,TikTok,2026-05-03 08:10:00,@junior752,eh mon frère cé cher dèh à Bingerville,5,
C001824,TikTok,2026-05-04 08:34:00,@traore104,le gingembre est enjaillant dèh 🔥,0,
C001837,Facebook,2026-05-05 16:03:00,@serge221,"sincèrement cherché partout hier, introuvable répondez svp!!",4,
C001842,TikTok,2026-05-05 13:24:00,@traore354,meilleur bissap d'Abidjan wallah,2,
C001872,Instagram,2026-05-07 15:26:00,@nadege941,svp faut baisser le prix ooh 🙏,6,
C001877,Facebook,2026-05-08 16:17:00,@traore737,"Formation trading gratuite, écris moi",1,
C001908,Instagram,2026-05-10 07:30:00,@mariam609,mon frère c'est cher dèh mdr,8,
C001909,TikTok,2026-05-10 13:04:00,@aicha_448,Bonjour,0,
C001921,Instagram,2026-05-11 13:35:00,@rita296,sincèrement le bouye est doux paa 😋 à Plateau,6,
C001929,Facebook,2026-05-12 14:22:00,@rita510,"j'ai vu à la radio, j'ai testé, je ne regrette pas",1,
C001932,TikTok,2026-05-12 21:22:00,@junior639,SVP WHERE CAN I BUY THIS IN ABIDJAN?,20,
C002027,Instagram,2026-05-19 23:51:00,@aya801,votre stand à Yopougon était bien organisé,1,
C002037,TikTok,2026-05-20 10:19:00,@serge32,vous livrez sur Riviera 3 ? 🙏 🔥,1,
C002071,Instagram,2026-05-23 14:04:00,@junior517,"JE PRENDS 2 BOUTEILLES CHAQUE SOIR, TOP QUI EST COMME MOI ?",2,
C002094,Facebook,2026-05-24 07:36:00,@rita400,eh svp mettez dans les supermarchés de Cocody,2,
C002121,TikTok,2026-05-26 11:41:00,@kone.772,"@awale_ci j'ai goûté hier, franchement c'est propre 🥤",10,
C002124,Instagram,2026-05-27 11:08:00,@serge920,svp mettez dans les supermarchés de Cocody merci,0,
C002155,Instagram,2026-05-29 22:15:00,@stephane492,faut mettre à Adjamé aussi ooh 🔥!!!,1,
C002183,Facebook,2026-05-31 18:03:00,@mariam925,la vidéo TikTok est drôle 😂 😍,2,
C002188,Facebook,2026-06-01 07:00:00,@aya518,Bjr rupture partout à Angré depuis 2 semaines 😤 svp à Port-Bouët,1,
C002224,Facebook,2026-06-03 18:57:00,@junior149,"c'est enjaillant, no drap 😒",0,
C002245,TikTok,2026-06-04 08:42:00,@ibrahim90,le 33cl à 500 c'est correct mais le 1L non,16,
C002246,Instagram,2026-06-04 16:35:00,@ibrahim79,hey trop cher pour la qualité désolé,0,
C002255,TikTok,2026-06-05 12:29:00,@fatou917,"plus de bissap dans mon quartier, c'est comment ?",0,
C002265,Instagram,2026-06-06 08:56:00,@fatou751,@awale_ci le gingembre est enjaillant dèh 🔥 à Abobo,3,
C002285,Facebook,2026-06-07 23:56:00,@mimi976,"Perte de poids en 7 jours, DM 💊",4,
C002293,TikTok,2026-06-08 13:13:00,@stephane173,le 33cl est parfait pour le bureau 👌 merci à Koumassi,6,
C002319,Instagram,2026-06-10 21:26:00,@chris453,le livreur ne répond pas,0,
C002324,Instagram,2026-06-10 17:32:00,@traore507,prévoyez des packs de 6 pour les familles voilà!!,5,
C002335,TikTok,2026-06-11 23:02:00,@kone.930,"cé enjaillant, no drap",1,
C002371,Instagram,2026-06-14 08:37:00,@mimi503,le gingembre est enjaillant dèh 🔥 merci,7,
C002390,Instagram,2026-06-15 16:22:00,@kevin694,PRÊT D'ARGENT RAPIDE SANS GARANTIE contactez,4,
C002400,Instagram,2026-06-15 07:18:00,@yao260,Suis moi je te suis 🔙,1,
C002442,Instagram,2026-06-18 12:49:00,@aya866,mes  enfants adorent le bissap Awalé s'il vous plaît 😍,1,
C002449,Instagram,2026-06-19 23:27:00,@fatou980,franchement on ne trouve plus 😭 c'est fini ?,2,
C002464,Facebook,2026-06-20 17:32:00,@aya707,"Formation trading gratuite, écris moi",3,
C002484,Facebook,2026-06-21 13:10:00,@aya474,any sugar-free option? svp,3,
C002486,Instagram,2026-06-21 09:13:00,@aicha_62,mais les diabétiques peuvent boire ? 💪,1,
C002490,Instagram,2026-06-21 20:46:00,@awa_9,livraison nickel merci,0,
C002525,Facebook,2026-06-25 08:10:00,@abou123,hey stock fini à Marcory zone 4,0,
C002549,Instagram,2026-06-27 10:28:00,@bakary621,"slt je prends 2 bouteilles chaque soir, top",0,
C002572,Facebook,2026-06-28 20:06:00,@serge564,"C'EST FRAIS ET PAS TROP SUCRÉ, MERCI À ANGRÉ",7,
C002627,Facebook,2026-06-25 15:33:00,@bakary492,vous livrez à Bingerville ? à Port-Bouët!!,2,
C002631,Instagram,2026-04-14 17:45:00,@abou8,slt kpakpato va parler mais c'est bon 😂 dèh,1,
C002647,Instagram,2026-01-30 08:53:00,@awa_265,mes enfants adorent le bissap Awalé svp,10,
C002663,Facebook,2026-04-12 22:17:00,@awa_746,vs livrez sur Riviera 3 ?,0,
C002673,Instagram,2026-04-27 18:03:00,@kone.262,"commande passée depuis 3h, toujours rien 👌",12,
C002700,Facebook,2026-03-29 11:51:00,@yao337,belle campagne pour la CAN 🇨🇮 à Abobo,9,
C002721,Facebook,2026-04-25 21:14:00,@awa_762,1500 c'est trop cher hein 😩 répondez svp,4,
C002723,Facebook,2026-01-30 18:14:00,@ibrahim220,vous avez une version sans sucre ? à Cocody,2,
C002728,Facebook,2026-02-08 16:19:00,@fatou123,le bouchon est difficile à ouvrir,1,
C002733,Instagram,2026-05-07 22:58:00,@nadege621,"svp j'ai goûté hier, franchement c'est propre s'il vous plaît",4,
C002736,Facebook,2026-06-30 09:02:00,@awa_574,rupture partout à Angré depuis 2 semaines 😤 😍,6,
C002763,Instagram,2026-06-10 21:48:00,@ibrahim627,exact !,10,C002323
C002782,Instagram,2026-03-19 20:36:00,@aya132,non c'est faux hein,5,C001175
C002800,Instagram,2026-05-11 17:41:00,@aicha_323,pareil chez moi,5,C001927
C002809,Instagram,2026-06-05 15:08:00,@chris710,pareil chez moi,7,C002771
C002824,Instagram,2026-02-12 09:57:00,@mimi612,pareil chez moi,6,C000614
C002827,TikTok,2026-04-07 23:41:00,@ibrahim210,+1,2,C001457
C000021,Facebook,2026-01-02 09:04:00,@aicha_659,bonjour le bouchon est difficile à ouvrir à Plateau 😍!!,1,
C000028,Instagram,2026-01-03 19:12:00,@nadege646,meilleur bissap d'Abidjan wallah ??,3,
C000034,Instagram,2026-01-03 20:08:00,@aya466,"j'ai commandé sur WhatsApp, arrivé rapide 👍",8,
C000035,TikTok,2026-01-03 11:07:00,@ibrahim665,le livreur ne répond pas à Marcory,6,
C000047,TikTok,2026-01-04 15:57:00,@stephane114,"bonjour qualité au top, continuez comme ça 💪",3,
C000054,Facebook,2026-01-04 22:21:00,@yao737,TCHÊ C'EST DOUX RÉPONDEZ SVP,5,
C000093,Instagram,2026-01-07 09:47:00,@awa_751,Abonne toi à ma page ❤️,2,
C000096,Facebook,2026-01-08 10:48:00,@mariam265,"kalité au top, continuez comme ça 💪",5,
C000132,TikTok,2026-01-10 09:12:00,@rita331,Bjr livraison nickel merci,8,
C000138,Instagram,2026-01-10 10:50:00,@aya155,svp  mettez dans les supermarchés de Cocody 😋,0,
C000165,TikTok,2026-01-13 16:15:00,@awa_554,quels sont les conservateurs dedans ?,3,
C000182,TikTok,2026-01-14 13:54:00,@nadege560,bon c'est sucré comment ? il y a du sucre ajouté ?,3,
C000186,TikTok,2026-01-14 22:07:00,@aya72,"Formation trading gratuite, écris moi",4,
C000189,Facebook,2026-01-14 14:17:00,@nadege932,bonjour mes enfants adorent le bissap Awalé,1,
C000226,Instagram,2026-01-17 19:59:00,@ibrahim824,on peut payer par Wave ?,1,
C000240,Instagram,2026-01-19 15:38:00,@mimi289,vu votre pub à la radio ce matin 📻 qui est comme moi ?,1,
C000256,Facebook,2026-01-20 12:38:00,@traore627,faut baisser le prix ooh,2,
C000284,Instagram,2026-01-22 19:32:00,@rita589,slt livraison nickel merci,1,
C000289,Instagram,2026-01-22 19:59:00,@ibrahim232,kpakpato va parler mais c'est bon 😂 répondez svp,1,
C000315,TikTok,2026-01-24 23:22:00,@fatou763,bon any sugar-free option? à Bingerville,1,
C000322,Facebook,2026-01-24 10:21:00,@mariam277,Vends iPhone 13 neuf 07 00 00 00 00,12,
C000323,TikTok,2026-01-24 13:25:00,@bakary200,on peut payer par Wave ? à Bingerville 👏,0,
C000358,Instagram,2026-01-27 20:59:00,@traore233,le 33cl à 500 c'est correct mais le 1L non,1,
C000359,Instagram,2026-01-27 13:14:00,@fatou425,@awale_ci on ne trouve plus 😭 c'est fini ? hein à Koumassi,6,
C000372,Facebook,2026-01-28 09:49:00,@bakary717,vous livrez à Bingerville ?,1,
C000403,Facebook,2026-01-29 08:24:00,@didi293,le  bouchon est difficile à ouvrir 💪,2,
C000421,TikTok,2026-01-31 22:35:00,@traore439,any sugar-free option? 🙏 😩,8,
C000428,Facebook,2026-01-31 09:46:00,@awa_186,@awale_ci trop cher pour la kalité désolé,8,
C000435,Instagram,2026-02-01 10:38:00,@yao33,c'est trop bon le bissap Awalé 😍,1,
C000439,Instagram,2026-02-01 09:03:00,@kevin106,svp mettez dans les supermarchés de Cocody,13,
C000440,Instagram,2026-02-01 19:56:00,@aicha_942,@awale_ci on ne trouve plus 😭 cé fini ? 😒,9,
C000447,Instagram,2026-02-01 10:31:00,@ibrahim140,franchement c'est du bissap naturel ou du concentré ? à Bingerville 🔥,0,
C000487,TikTok,2026-02-04 09:04:00,@fatou452,DIMINUEZ LE PRIX ON VA ACHETER PLUS SVP,0,
C000505,Facebook,2026-02-05 10:40:00,@traore366,"Formation trading gratuite, écris moi",18,
C000524,Instagram,2026-02-06 19:52:00,@junior34,OÙ ON TROUVE À TREICHVILLE ? HEIN!!!,17,
C000537,TikTok,2026-02-07 18:41:00,@kone.680,on ne trouve plus 😭 c'est fini ? à Koumassi 🇨🇮,1,
C000548,Instagram,2026-02-07 20:55:00,@aya978,le bouye est doux paa 😋,3,
C000553,TikTok,2026-02-08 21:01:00,@didi909,on dit quoi pour la promo ? merci,1,
C000562,Instagram,2026-02-09 19:24:00,@stephane97,trop cher pour la qualité désolé mdr,6,
C000566,Facebook,2026-02-09 10:46:00,@traore704,"c'est frais et pas trop sucré, merci",1,
C000610,Facebook,2026-02-12 19:08:00,@kevin41,"vraiment bravo, c'est bien fait merci",1,
C000616,TikTok,2026-02-12 18:19:00,@rita571,trop cher pour la qualité désolé dèh,3,
C000620,TikTok,2026-02-12 13:28:00,@abou837,DO YOU SHIP TO GRAND-BASSAM?,2,
C000621,Facebook,2026-02-12 13:21:00,@stephane539,"vraiment bravo, c'est bien fait ooh",0,
C000641,Facebook,2026-02-13 23:42:00,@stephane623,👍,7,
C000644,Instagram,2026-02-14 07:27:00,@aicha_50,y a pas au maquis de Yopougon 😂,5,
C000647,Instagram,2026-02-14 13:16:00,@serge54,mes enfants adorent le bissap Awalé voilà...,4,
C000651,Facebook,2026-02-14 23:56:00,@aya725,hey votre stand à Yopougon était bien organisé voilà,2,
C000663,Facebook,2026-02-15 23:04:00,@nadege978,"c'est frais et pas trop sucré, merci ❤️",3,
C000712,Instagram,2026-02-18 19:18:00,@mariam207,"franchement j'ai goûté hier, franchement c'est propre",1,
C000746,TikTok,2026-02-20 14:58:00,@rita947,la bouteille fuit un peu 🙏,7,
C000758,Facebook,2026-02-20 14:23:00,@traore613,la pub pendant le match était bien placée voilà 😂,1,
C000764,Facebook,2026-02-21 08:46:00,@junior560,mes enfants adorent le bissap Awalé,0,
C000779,Instagram,2026-02-22 10:34:00,@kone.193,le 33cl est parfait pour le bureau 👌,15,
C000781,Facebook,2026-02-22 21:21:00,@traore165,👍,7,
C000801,Instagram,2026-02-22 12:00:00,@kone.677,"Bjr je prends 2 bouteilles chaque soir, top à Plateau",5,
C000814,Instagram,2026-02-23 12:14:00,@aicha_273,👍,1,
C000816,Instagram,2026-02-23 22:23:00,@kevin631,le 33cl est parfait pour le bureau 👌!!,13,
C000826,Instagram,2026-02-24 17:52:00,@traore705,"vraiment bravo, c'est bien fait répondez svp",0,
C000829,Instagram,2026-02-24 20:04:00,@junior979,votre stand à Yopougon était bien organisé 🙏,4,
C000831,TikTok,2026-02-24 09:51:00,@mariam534,hey on dit quoi pour la promo ? à Yopougon,0,
C000832,TikTok,2026-02-24 08:22:00,@yao62,bonjour faut baisser le prix ooh voilà à Angré 👏,0,
C000897,TikTok,2026-03-01 19:53:00,@chris153,arrêtez les pubs trop répétitives svp,2,
C000912,TikTok,2026-03-02 11:31:00,@ibrahim763,vu votre pub à la radio ce matin 📻,15,
C000948,Instagram,2026-03-04 12:08:00,@rita230,le  gingembre est enjaillant dèh 🔥...,6,
C000961,Facebook,2026-03-05 13:07:00,@aya605,la bouteille fuit un peu s'il vs plaît 😩,1,
C000972,Facebook,2026-03-06 12:35:00,@fatou670,"Perte de poids en 7 jours, DM 💊",2,
C000981,Instagram,2026-03-07 13:33:00,@fatou272,"sincèrement j'ai goûté hier, franchement c'est propre",9,
C000991,Instagram,2026-03-07 17:22:00,@aicha_593,BONJOUR QUELS SONT LES CONSERVATEURS DEDANS ?!!,3,
C001011,Facebook,2026-03-09 07:42:00,@aicha_617,"j'ai goûté hier, franchement c'est propre à Riviera 3 🔥!!!",3,
C001061,Facebook,2026-03-12 18:02:00,@kone.546,mais trop cher pour la qualité désolé,0,
C001115,TikTok,2026-03-15 20:34:00,@didi164,le 33cl à 500 c'est correct mais le 1L non,7,
C001148,TikTok,2026-03-17 22:12:00,@awa_790,"cherché partout hier, introuvable à Koumassi",5,
C001150,Facebook,2026-03-17 16:55:00,@traore609,la vidéo TikTok est drôle 😂 à Cocody!!,1,
C001218,TikTok,2026-03-21 08:25:00,@serge359,❤️❤️❤️,8,
C001236,Instagram,2026-03-22 21:39:00,@mimi727,"c'est enjaillant, no drap",3,
C001251,TikTok,2026-03-24 14:57:00,@bakary326,mes enfants adorent le bissap Awalé,0,
C001259,Instagram,2026-03-24 18:18:00,@stephane447,"c'est frais et pas trop sucré, merci!!",4,
C001260,Facebook,2026-03-24 09:09:00,@ibrahim115,"j'ai vu à la radio, j'ai testé, je ne regrette pas",4,
C001262,Instagram,2026-03-24 11:58:00,@traore943,👍,8,
C001264,Facebook,2026-03-25 14:23:00,@nadege35,mon frère c'est cher dèh,2,
C001273,Facebook,2026-03-25 15:27:00,@abou697,"j'ai vu à la radio, j'ai testé, je ne regrette pas",10,
C001299,TikTok,2026-03-27 23:48:00,@nadege338,commande annulée sans explication 🙏,0,
C001322,Facebook,2026-03-28 12:24:00,@nadege188,meilleur bissap d'Abidjan wallah,1,
C001334,TikTok,2026-03-29 12:03:00,@chris449,diminuez le prix on va acheter plus 👌,3,
C001349,Facebook,2026-03-30 20:37:00,@mariam786,y a pas au maquis de Yopougon 😋,14,
C001367,Instagram,2026-03-31 15:44:00,@bakary375,"qualité au top, continuez comme ça 💪",19,
C001372,Instagram,2026-03-31 15:49:00,@bakary383,la vidéo TikTok est drôle 😂,2,
C001455,Instagram,2026-04-07 17:26:00,@abou156,livraison trop lente 😒,13,
C001489,Facebook,2026-04-09 23:54:00,@nadege606,Abonne toi à ma page ❤️,0,
C001491,Facebook,2026-04-09 12:13:00,@awa_483,"eh commande passée depuis 3h, toujours rien svp",1,
C001500,TikTok,2026-04-10 07:40:00,@ibrahim911,vous livrez sur Riviera 3 ?,6,
C001510,TikTok,2026-04-10 20:08:00,@junior713,BON VOTRE STAND À YOPOUGON ÉTAIT BIEN ORGANISÉ,5,
C001514,TikTok,2026-04-11 09:12:00,@awa_514,any sugar-free option? 🙏 à Port-Bouët...,12,
C001523,Instagram,2026-04-11 19:43:00,@didi671,kpakpato va parler mais c'est bon 😂,12,
C001527,Instagram,2026-04-11 22:09:00,@aicha_911,on dit quoi pour la promo ? 😂,1,
C001529,Instagram,2026-04-12 07:37:00,@kevin247,vu votre pub à la radio ce matin 📻 à Marcory 🥤,4,
C001565,Instagram,2026-04-14 23:09:00,@serge559,Boostez vos followers 📈 DM,4,
C001570,Facebook,2026-04-14 10:10:00,@didi597,"cherché partout hier, introuvable",1,
C001614,TikTok,2026-04-17 21:46:00,@bakary341,arrêtez  les pubs trop répétitives svp,1,
C001637,Instagram,2026-04-19 13:44:00,@rita749,belle campagne pour la CAN 🇨🇮,0,
C001638,Instagram,2026-04-19 13:34:00,@fatou696,où on trouve à Treichville ? ❤️,2,
C001640,Instagram,2026-04-20 10:06:00,@abou322,"je prends 2 bouteilles chaque soir, top",0,
C001642,Instagram,2026-04-20 18:53:00,@bakary7,pourquoi il n'y a plus rien en rayon ? à Bingerville ❤️,2,
C001651,Instagram,2026-04-20 11:36:00,@bakary385,svp mettez dans les supermarchés de Cocody,2,
C001659,Instagram,2026-04-21 17:04:00,@aya546,diminuez le prix on va acheter plus mdr,5,
C001675,Facebook,2026-04-22 17:09:00,@abou438,svp mettez dans les supermarchés de Cocody,22,
C001682,Facebook,2026-04-23 17:56:00,@didi526,"slt j'ai vu chez @miss_abj_lifestyle, je viens voir",9,
C001684,Facebook,2026-04-23 14:36:00,@nadege741,👍,4,
C001734,Facebook,2026-04-27 20:14:00,@bakary485,"cherché partout hier, introuvable",9,
C001755,Facebook,2026-04-28 19:38:00,@serge694,À 1500 FRANCS LE LITRE C'EST CHAUD POUR NOUS,1,
C001768,Instagram,2026-04-29 21:16:00,@chris508,la vidéo TikTok est drôle 😂 à Riviera 3,2,
C001773,Instagram,2026-04-29 15:41:00,@aya401,votre stand à Yopougon était bien organisé,0,
C001777,TikTok,2026-04-30 20:21:00,@awa_554,"J'AI VU CHEZ @MISS_ABJ_LIFESTYLE, JE VIENS VOIR",5,
C001807,TikTok,2026-05-02 10:21:00,@stephane544,les diabétiques peuvent boire ?,1,
C001816,TikTok,2026-05-03 13:23:00,@ibrahim464,"PLUS DE BISSAP DANS MON QUARTIER, C'EST COMMENT ?",1,
C001839,Facebook,2026-05-05 09:38:00,@stephane400,le nouveau packaging est joli 😍!!!,2,
C001864,Instagram,2026-05-07 19:18:00,@kone.511,pourquoi il n'y a plus rien en rayon ? dèh,2,
C001874,Facebook,2026-05-08 22:55:00,@mimi39,👍,2,
C001881,Instagram,2026-05-08 11:14:00,@aicha_435,cé sucré comment ? il y a du sucre ajouté ?,1,
C001894,TikTok,2026-05-09 19:57:00,@kevin942,"Bjr plus de bissap dans mon quartier, c'est comment ?",11,
C001943,TikTok,2026-05-13 16:28:00,@serge870,"EH J'AI COMMANDÉ SUR WHATSAPP, ARRIVÉ RAPIDE 👍 À PORT-BOUËT...",4,
C001953,Facebook,2026-05-13 23:51:00,@serge381,"bon qualité au top, continuez comme ça 💪",3,
C001990,TikTok,2026-05-16 19:01:00,@awa_540,la vidéo TikTok est drôle 😂 s'il vous plaît,2,
C001998,Instagram,2026-05-16 16:36:00,@kevin331,les diabétiques peuvent boire ?,1,
C002007,Facebook,2026-05-17 18:23:00,@abou404,GAGNEZ 500.000F CLIQUEZ ICI 👉 bit.ly/xxxx,7,
C002011,TikTok,2026-05-17 22:33:00,@nadege393,"qualité au top, continuez comme ça 💪 merci à Bingerville",0,
C002014,Facebook,2026-05-18 19:49:00,@awa_444,🔥🔥🔥,5,
C002030,Facebook,2026-05-19 21:56:00,@stephane344,meilleur bissap d'Abidjan wallah hein à Plateau ??,1,
C002064,TikTok,2026-05-22 12:03:00,@awa_887,le gingembre est enjaillant dèh 🔥 😋!!!,1,
C002073,TikTok,2026-05-23 22:46:00,@stephane19,"Formation trading gratuite, écris moi",2,
C002086,Facebook,2026-05-23 23:30:00,@nadege878,le bouye est doux paa 😋 ??,1,
C002090,Instagram,2026-05-24 15:58:00,@kevin84,le 33cl est parfait pour le bureau 👌,8,
C002098,Instagram,2026-05-25 08:15:00,@junior509,Abonne toi à ma page ❤️,6,
C002099,Facebook,2026-05-25 23:30:00,@traore907,mes enfants adorent le bissap Awalé ooh,3,
C002102,Facebook,2026-05-25 11:25:00,@nadege864,sincèrement faut baisser le prix ooh 👌,0,
C002140,Facebook,2026-05-28 12:23:00,@mimi512,@awale_ci le stand hier à Cocody 🔥 dégustation top,0,
C002189,Instagram,2026-06-01 10:46:00,@didi227,Vends iPhone 13 neuf 07 00 00 00 00,0,
C002202,Instagram,2026-06-02 23:07:00,@bakary292,"mais j'ai vu chez @miss_abj_lifestyle, je viens voir",15,
C002233,Instagram,2026-06-03 11:27:00,@kevin340,eh le bouye est doux paa 😋,0,
C002249,Facebook,2026-06-04 14:51:00,@mariam415,👍,0,
C002264,Instagram,2026-06-06 15:18:00,@nadege183,svp mettez dans les supermarchés de Cocody ❤️,3,
C002272,Facebook,2026-06-06 23:11:00,@mariam850,diminuez le prix on va acheter plus,4,
C002307,Instagram,2026-06-09 16:22:00,@mariam325,"c'est frais et pas trop sucré, merci qui est comme moi ?",0,
C002308,Instagram,2026-06-09 12:56:00,@bakary726,SVP METTEZ DANS LES SUPERMARCHÉS DE COCODY À TREICHVILLE!!!,1,
C002320,Facebook,2026-06-10 10:53:00,@bakary937,le 33cl à 500 c'est correct mais le 1L non à Plateau,16,
C002321,Instagram,2026-06-10 13:30:00,@mimi905,"j'ai goûté hier, franchement c'est propre merci",1,
C002337,TikTok,2026-06-11 07:10:00,@junior262,prévoyez des packs de 6 pour les familles,1,
C002351,Instagram,2026-06-12 20:37:00,@junior727,"@awale_ci  je prends 2 bouteilles chake soir, top",7,
C002355,TikTok,2026-06-13 12:52:00,@ibrahim854,la pub pendant le match était bien placée voilà,3,
C002356,TikTok,2026-06-13 19:52:00,@awa_152,@awale_ci la bouteille fuit un peu 😂,7,
C002357,TikTok,2026-06-13 23:03:00,@aya623,"qualité au top, continuez comme ça 💪",6,
C002401,Instagram,2026-06-15 18:13:00,@chris922,sincèrement trop cher pour la kalité désolé 👏,1,
C002421,Facebook,2026-06-16 09:40:00,@nadege662,le livreur ne répond pas,4,
C002423,TikTok,2026-06-17 13:20:00,@yao815,on peut payer par Wave ? répondez svp,0,
C002436,TikTok,2026-06-17 20:28:00,@nadege145,le 33cl est parfait pour le bureau 👌!!!,3,
C002439,Facebook,2026-06-18 12:30:00,@bakary750,c'est  sucré comment ? il y a du sucre ajouté ? qui est comme moi ? 🇨🇮,5,
C002465,Facebook,2026-06-20 22:09:00,@chris33,belle campagne pour la CAN 🇨🇮 😩,9,
C002469,Instagram,2026-06-20 18:42:00,@serge452,c'est trop bon le bissap Awalé 😍 svp,5,
C002507,Instagram,2026-06-23 12:08:00,@junior846,LE GINGEMBRE EST ENJAILLANT DÈH 🔥,6,
C002523,Instagram,2026-06-25 21:43:00,@mimi390,GAGNEZ 500.000F CLIQUEZ ICI 👉 bit.ly/xxxx,7,
C002527,TikTok,2026-06-25 15:48:00,@mimi35,"Perte de poids en 7 jours, DM 💊",1,
C002528,Facebook,2026-06-25 08:16:00,@mimi646,vous livrez à Bingerville ?,2,
C002555,TikTok,2026-06-27 09:22:00,@mimi112,IS IT AVAILABLE IN SUPERMARKETS? QUI EST COMME MOI ?!!!,6,
C002570,Facebook,2026-06-28 15:42:00,@rita769,"j'ai vu à la radio, j'ai testé, je ne regrette pas merci",1,
C002581,Instagram,2026-06-29 12:01:00,@didi367,mes enfants adorent le bissap Awalé,1,
C002598,Facebook,2026-06-30 09:02:00,@awa_574,rupture partout à Angré depuis 2 semaines 😤 😍,6,
C002612,Facebook,2026-06-24 16:48:00,@nadege768,franchement kpakpato va parler mais c'est bon 😂 à Adjamé 😍,0,
C002613,Facebook,2026-01-11 20:04:00,@abou111,vs livrez à Bingerville ?,9,
C002621,Instagram,2026-01-29 15:12:00,@stephane946,"sincèrement j'ai goûté hier, franchement c'est propre à Koumassi",1,
C002636,Facebook,2026-02-21 19:28:00,@bakary646,FAUT BAISSER LE PRIX OOH 😋,0,
C002654,Instagram,2026-06-15 08:46:00,@kevin645,bonjour c'est trop bon le bissap Awalé 😍 svp à Port-Bouët,20,
C002694,TikTok,2026-02-05 18:24:00,@kevin803,le bouye est doux paa 😋 🙏 👌,1,
C002699,TikTok,2026-02-22 10:27:00,@junior94,on peut payer par Wave ? 🔥,2,
C002709,Instagram,2026-05-15 09:11:00,@bakary445,"je prends 2 bouteilles chake soir, top!!!",11,
C002732,Facebook,2026-04-04 23:45:00,@aya191,le gingembre est enjaillant dèh 🔥,9,
C002735,Instagram,2026-05-17 07:16:00,@rita918,Abonne toi à ma page ❤️,1,
C002760,Instagram,2026-06-21 23:18:00,@stephane656,mdr 😂,0,C002480
C002770,Instagram,2026-05-30 08:18:00,@kone.639,merci pour l'info,2,C002164
C002778,TikTok,2026-05-29 09:57:00,@didi545,exact !,10,C002161
C002793,Instagram,2026-03-12 23:40:00,@serge79,je confirme,12,C001069
C002798,TikTok,2026-03-16 21:07:00,@rita402,je confirme,9,C001134
C002803,Instagram,2026-03-04 20:33:00,@junior440,pareil chez moi,11,C000952
C000002,TikTok,2026-01-01 19:13:00,@aicha_58,tchê c'est doux à Port-Bouët,11,
C000016,Instagram,2026-01-01 08:02:00,@traore321,Bjr les diabétiques peuvent boire ? à Abobo,3,
C000029,TikTok,2026-01-03 13:39:00,@aya425,on peut payer par Wave ? 😋,2,
C000042,Instagram,2026-01-04 11:50:00,@mimi662,C'EST TROP BON LE BISSAP AWALÉ 😍 S'IL VOUS PLAÎT À ABOBO,0,
C000048,TikTok,2026-01-04 08:03:00,@didi164,1500 c'est trop cher hein 😩 à Angré 🔥,0,
C000052,Instagram,2026-01-04 07:26:00,@chris590,mon frère cé cher dèh,5,
C000057,TikTok,2026-01-05 14:19:00,@didi919,stock fini à Marcory zone 4,0,
C000067,Facebook,2026-01-05 19:37:00,@kone.585,pourkoi  il n'y a plus rien en rayon ? dèh,4,
C000068,Facebook,2026-01-06 23:36:00,@chris19,"Perte de poids en 7 jours, DM 💊",0,
C000099,Instagram,2026-01-08 16:47:00,@stephane233,stock fini à Marcory zone 4 🇨🇮,0,
C000114,Instagram,2026-01-09 11:55:00,@kone.557,c'est sucré comment ? il y a du sucre ajouté ?,2,
C000121,Instagram,2026-01-10 12:10:00,@didi271,diminuez le prix on va acheter plus,3,
C000123,Facebook,2026-01-10 22:10:00,@bakary359,slt concurrence est moins chère hein répondez svp,2,
C000131,Facebook,2026-01-10 07:47:00,@abou8,mais svp mettez dans les supermarchés de Cocody,0,
C000133,TikTok,2026-01-10 21:40:00,@bakary257,👍,3,
C000141,TikTok,2026-01-11 07:49:00,@rita491,le bouye est doux paa 😋 😩 ??,1,
C000144,Instagram,2026-01-11 12:33:00,@bakary19,eh votre stand à Yopougon était bien organisé 🙏,9,
C000161,TikTok,2026-01-13 20:10:00,@abou736,C'EST  TROP BON LE BISSAP AWALÉ 😍 😍,7,
C000162,Instagram,2026-01-13 21:08:00,@didi44,Suis moi je te suis 🔙,4,
C000178,Facebook,2026-01-14 10:31:00,@fatou520,eh vu votre pub à la radio ce matin 📻 à Port-Bouët,1,
C000179,Facebook,2026-01-14 20:08:00,@nadege314,sincèrement concurrence est moins chère hein,1,
C000184,TikTok,2026-01-14 16:07:00,@aicha_133,1500 c'est trop cher hein 😩,5,
C000191,TikTok,2026-01-15 18:34:00,@mimi74,"Perte de poids en 7 jours, DM 💊",0,
C000193,Facebook,2026-01-15 22:12:00,@kone.524,le gingembre est enjaillant dèh 🔥 à Riviera 3,0,
C000209,Facebook,2026-01-16 21:44:00,@chris536,vous livrez sur Riviera 3 ? à Port-Bouët!!,6,
C000217,Facebook,2026-01-16 10:44:00,@aya55,@awale_ci c'est trop bon le bissap Awalé 😍 ❤️,2,
C000224,Instagram,2026-01-17 23:57:00,@abou369,le  livreur ne répond pas mdr,7,
C000281,Facebook,2026-01-22 21:49:00,@kone.258,c'est sucré comment ? il y a du sucre ajouté ? ❤️,0,
C000290,Instagram,2026-01-22 19:22:00,@yao448,svp cé sucré comment ? il y a du sucre ajouté ? à Cocody,10,
C000291,TikTok,2026-01-22 20:32:00,@fatou879,hey le 33cl est parfait pour le bureau 👌,5,
C000309,Facebook,2026-01-23 13:41:00,@didi929,bon la bouteille fuit un peu merci,2,
C000328,Instagram,2026-01-25 16:41:00,@kevin478,le  stand hier à Cocody 🔥 dégustation top,6,
C000332,Instagram,2026-01-25 13:29:00,@mimi898,"commande passée depuis 3h, toujours rien voilà à Treichville...",9,
C000349,Facebook,2026-01-26 14:49:00,@chris790,c'est trop bon le bissap Awalé 😍,1,
C000350,Instagram,2026-01-26 18:17:00,@junior375,any  sugar-free option?,1,
C000364,Instagram,2026-01-27 11:52:00,@serge262,DIMINUEZ LE PRIX ON VA ACHETER PLUS,8,
C000384,Facebook,2026-01-28 15:11:00,@aicha_49,sincèrement mon frère c'est cher dèh,3,
C000385,Instagram,2026-01-28 21:53:00,@abou665,PRÊT D'ARGENT RAPIDE SANS GARANTIE contactez,5,
C000408,Instagram,2026-01-30 08:53:00,@awa_265,mes enfants adorent le bissap Awalé svp,10,
C000411,TikTok,2026-01-30 11:25:00,@awa_766,Suis moi je te suis 🔙,2,
C000413,Instagram,2026-01-30 13:47:00,@mariam949,où on trouve à Treichville ? hein à Riviera 3,3,
C000528,Facebook,2026-02-06 11:39:00,@yao458,vous avez une version sans sucre ?,0,
C000529,Instagram,2026-02-06 08:22:00,@rita515,Vends iPhone 13 neuf 07 00 00 00 00,12,
C000531,Facebook,2026-02-06 16:59:00,@didi869,hey on dit quoi pour la promo ?,1,
C000539,Facebook,2026-02-07 14:03:00,@awa_901,arrêtez les pubs trop répétitives svp merci,1,
C000557,Facebook,2026-02-08 16:19:00,@fatou123,le bouchon est difficile à ouvrir,1,
C000558,TikTok,2026-02-08 20:00:00,@rita995,@awale_ci trop cher pour la kalité désolé à Marcory,1,
C000574,Facebook,2026-02-09 15:45:00,@mariam538,"vraiment bravo, c'est bien fait 👏",2,
C000578,TikTok,2026-02-10 11:09:00,@aya698,Vends iPhone 13 neuf 07 00 00 00 00,17,
C000591,TikTok,2026-02-11 19:02:00,@kone.711,franchement le 33cl est parfait pour le bureau 👌 😂,5,
C000593,TikTok,2026-02-11 19:01:00,@serge842,1500 c'est trop cher hein 😩 s'il vous plaît,0,
C000596,Facebook,2026-02-11 09:42:00,@kone.55,the hibiscus one is great 😩,1,
C000604,TikTok,2026-02-12 14:08:00,@stephane732,bon c'est gbé ça 😎 à Treichville 😩,1,
C000605,Instagram,2026-02-12 10:18:00,@rita395,"je prends 2 bouteilles chaque soir, top",0,
C000614,Instagram,2026-02-12 09:57:00,@awa_365,mes enfants adorent le bissap Awalé,1,
C000630,Instagram,2026-02-13 21:35:00,@aicha_176,👍,2,
C000633,TikTok,2026-02-13 07:12:00,@mariam629,hey  votre stand à Yopougon était bien organisé 😋,9,
C000639,Instagram,2026-02-13 10:54:00,@bakary897,"cé frais et pas trop sucré, merci 😂...",0,
C000642,TikTok,2026-02-13 09:31:00,@kone.125,"c'est frais et pas trop sucré, merci ??",0,
C000658,Instagram,2026-02-15 13:14:00,@mariam635,"MAIS PLUS DE BISSAP DANS MON QUARTIER, C'EST COMMENT ? ❤️",4,
C000659,Instagram,2026-02-15 09:44:00,@aicha_559,MES ENFANTS ADORENT LE BISSAP AWALÉ S'IL VOUS PLAÎT À PLATEAU 👏,2,
C000681,Instagram,2026-02-16 23:47:00,@chris177,svp commande annulée sans explication,2,
C000694,Facebook,2026-02-17 10:58:00,@kone.178,svp  le 33cl est parfait pour le bureau 👌,5,
C000695,Instagram,2026-02-17 09:42:00,@fatou974,"plus de bissap dans mon quartier, c'est comment ? voilà",5,
C000703,Facebook,2026-02-17 21:32:00,@awa_419,concurrence est moins chère hein à Cocody,24,
C000709,Instagram,2026-02-18 09:11:00,@awa_863,la bouteille fuit un peu s'il vous plaît 😒,10,
C000734,Instagram,2026-02-19 21:31:00,@traore493,"j'ai vu à la radio, j'ai testé, je ne regrette pas",6,
C000742,TikTok,2026-02-20 18:08:00,@rita565,Boostez vos followers 📈 DM,0,
C000749,Facebook,2026-02-20 08:29:00,@kevin525,vu votre pub à la radio ce matin 📻,5,
C000755,TikTok,2026-02-20 21:40:00,@didi807,stock fini à Marcory zone 4 dèh 😂,3,
C000794,Facebook,2026-02-22 21:40:00,@abou706,le prix a encore monté ?,6,
C000800,TikTok,2026-02-22 10:27:00,@junior94,on peut payer par Wave ? 🔥,2,
C000805,Instagram,2026-02-23 16:40:00,@serge747,sincèrement commande annulée sans explication,1,
C000812,Instagram,2026-02-23 12:39:00,@junior385,MES ENFANTS ADORENT LE BISSAP AWALÉ,0,
C000818,TikTok,2026-02-23 17:09:00,@yao156,mes enfants adorent le bissap Awalé,6,
C000820,Instagram,2026-02-23 18:39:00,@bakary9,"qualité au top, continuez comme ça 💪 dèh",0,
C000821,TikTok,2026-02-23 20:49:00,@didi980,l'étiquette se décolle au frigo dèh,2,
C000822,Instagram,2026-02-23 16:29:00,@chris699,bon svp mettez dans les supermarchés de Cocody!!!,0,
C000854,Facebook,2026-02-26 07:16:00,@awa_71,mon frère c'est cher dèh ❤️,4,
C000864,Facebook,2026-02-27 09:52:00,@nadege411,"BJR C'EST FRAIS ET PAS TROP SUCRÉ, MERCI HEIN",1,
C000890,Instagram,2026-03-01 09:12:00,@aicha_43,"plus de bissap dans mon quartier, c'est comment ?!!!",1,
C000908,Instagram,2026-03-02 22:49:00,@nadege830,"eh vraiment bravo, c'est bien fait",6,
C000913,Instagram,2026-03-02 21:47:00,@junior153,l'étiquette se décolle au frigo mdr 😋,1,
C000934,Instagram,2026-03-03 18:22:00,@yao236,le 33cl est parfait pour le bureau 👌,2,
C000939,TikTok,2026-03-04 10:29:00,@kevin191,PRÊT D'ARGENT RAPIDE SANS GARANTIE contactez,7,
C000940,Facebook,2026-03-04 21:48:00,@kevin133,la  vidéo TikTok est drôle 😂 ??,0,
C001007,Instagram,2026-03-08 21:09:00,@serge612,"svp j'ai fait 3 boutiques, rien mdr",0,
C001008,Facebook,2026-03-08 20:15:00,@mariam298,"je prends 2 bouteilles chaque soir, top 🇨🇮",27,
C001020,Instagram,2026-03-09 23:27:00,@traore420,le 33cl est parfait pour le bureau 👌...,1,
C001071,TikTok,2026-03-12 07:46:00,@abou596,sincèrement le livreur ne répond pas,1,
C001072,Facebook,2026-03-12 23:15:00,@chris714,le gingembre est enjaillant dèh 🔥,5,
C001113,Facebook,2026-03-15 12:30:00,@serge237,"Perte de poids en 7 jours, DM 💊",3,
C001134,TikTok,2026-03-16 21:07:00,@ibrahim954,Bjr le nouveau packaging est joli 😍 à Bingerville,4,
C001166,Instagram,2026-03-18 08:15:00,@ibrahim108,y a pas au maquis de Yopougon 🙏,1,
C001179,Facebook,2026-03-19 23:13:00,@aicha_16,à 1500 francs le litre cé chaud pour nous 🙏,1,
C001182,TikTok,2026-03-19 17:56:00,@stephane911,👍,8,
C001194,Instagram,2026-03-20 20:22:00,@aicha_572,"cé frais et pas trop sucré, merci",9,
C001213,Facebook,2026-03-21 07:39:00,@nadege948,le gingembre est enjaillant dèh 🔥 mdr,1,
C001224,Facebook,2026-03-22 18:29:00,@junior829,le bouye est doux paa 😋 à Adjamé,1,
C001229,TikTok,2026-03-22 14:38:00,@mimi566,Boostez vos followers 📈 DM,2,
C001269,TikTok,2026-03-25 13:33:00,@junior785,PRÊT D'ARGENT RAPIDE SANS GARANTIE contactez,17,
C001276,TikTok,2026-03-25 07:16:00,@mimi812,pourquoi il n'y a plus rien en rayon ?,5,
C001277,Instagram,2026-03-25 22:22:00,@abou397,on dit quoi pour la promo ?,2,
C001294,TikTok,2026-03-27 23:20:00,@junior168,le nouveau packaging est joli 😍 à Yopougon,2,
C001303,Facebook,2026-03-27 11:01:00,@aicha_233,slt le stand hier à Cocody 🔥 dégustation top,6,
C001305,Instagram,2026-03-27 12:51:00,@chris57,C'EST TROP BON LE BISSAP AWALÉ 😍 MERCI 😋,7,
C001310,Instagram,2026-03-28 13:58:00,@kone.738,le gingembre est enjaillant dèh 🔥 🙏,1,
C001311,Facebook,2026-03-28 07:54:00,@junior266,la vidéo TikTok est drôle 😂,0,
C001316,Facebook,2026-03-28 17:03:00,@kone.939,❤️❤️❤️,0,
C001332,TikTok,2026-03-29 12:29:00,@traore358,❤️❤️❤️,3,
C001353,Facebook,2026-03-30 16:56:00,@kone.388,le livreur ne répond pas qui est comme moi ?,1,
C001388,TikTok,2026-04-02 11:51:00,@awa_798,"franchement j'ai fait 3 boutiques, rien dèh",1,
C001397,Instagram,2026-04-03 11:43:00,@bakary880,"c'est frais et pas trop sucré, merci",0,
C001418,Facebook,2026-04-04 23:06:00,@rita277,Boostez vos followers 📈 DM,3,
C001468,TikTok,2026-04-08 22:02:00,@nadege460,LOVE THE BRANDING 🔥 😩,2,
C001480,TikTok,2026-04-09 20:48:00,@aya707,mon frère c'est cher dèh,3,
C001488,TikTok,2026-04-09 23:45:00,@mariam911,stock fini à Marcory zone 4,3,
C001535,TikTok,2026-04-12 17:08:00,@mimi667,Boostez vos followers 📈 DM,1,
C001544,TikTok,2026-04-13 15:11:00,@rita977,vous livrez à Bingerville ?,6,
C001545,TikTok,2026-04-13 18:36:00,@didi226,slt rupture partout à Angré depuis 2 semaines 😤 à Port-Bouët 👌,1,
C001559,TikTok,2026-04-14 22:31:00,@ibrahim486,prévoyez des packs de 6 pour les familles ??,0,
C001585,TikTok,2026-04-16 13:46:00,@rita679,pourquoi il n'y a plus rien en rayon ? 🙏 à Port-Bouët!!,2,
C001610,TikTok,2026-04-17 16:25:00,@ibrahim490,Vends iPhone 13 neuf 07 00 00 00 00,3,
C001619,Instagram,2026-04-18 08:39:00,@abou514,"cherché partout hier, introuvable à Cocody!!",1,
C001625,TikTok,2026-04-18 11:34:00,@awa_512,c'est sucré comment ? il y a du sucre ajouté ?,13,
C001674,TikTok,2026-04-22 10:12:00,@stephane377,faut mettre à Adjamé aussi ooh,3,
C001688,Instagram,2026-04-24 19:04:00,@chris737,PRÊT D'ARGENT RAPIDE SANS GARANTIE contactez,19,
C001690,Instagram,2026-04-24 07:12:00,@aya77,Suis moi je te suis 🔙,5,
C001738,TikTok,2026-04-27 21:52:00,@chris575,GAGNEZ 500.000F CLIQUEZ ICI 👉 bit.ly/xxxx,6,
C001742,Instagram,2026-04-27 18:50:00,@yao291,"c'est enjaillant, no drap",5,
C001759,Instagram,2026-04-28 14:37:00,@kone.582,mais stock fini à Marcory zone 4 ooh,3,
C001766,Instagram,2026-04-29 14:54:00,@abou175,svp kpakpato va parler mais c'est bon 😂,1,
C001770,Facebook,2026-04-29 07:24:00,@traore762,🔥🔥🔥,5,
C001785,TikTok,2026-05-01 23:02:00,@abou119,"je prends 2 bouteilles chaque soir, top mdr",24,
C001799,Facebook,2026-05-02 11:48:00,@kevin464,"cherché partout hier, introuvable",3,
C001809,Facebook,2026-05-02 15:19:00,@bakary378,le 33cl est parfait pour le bureau 👌 ❤️!!,9,
C001823,Instagram,2026-05-04 18:42:00,@chris639,commande annulée sans explication,3,
C001830,TikTok,2026-05-04 23:01:00,@chris698,"plus de bissap dans mon kartier, cé comment ?",3,
C001836,TikTok,2026-05-05 19:31:00,@mariam766,"plus de bissap dans mon quartier, c'est comment ?",2,
C001846,Instagram,2026-05-05 08:17:00,@aicha_777,meilleur bissap d'Abidjan wallah à Adjamé,1,
C001854,Instagram,2026-05-06 13:51:00,@junior430,Bjr le prix a encore monté ? qui est comme moi ?,2,
C001886,Facebook,2026-05-08 20:59:00,@fatou452,stock fini à Marcory zone 4,2,
C001903,TikTok,2026-05-10 11:56:00,@junior314,mes enfants adorent le bissap Awalé svp,0,
C001952,TikTok,2026-05-13 13:13:00,@bakary678,1500 c'est trop cher hein 😩...,0,
C001968,Facebook,2026-05-14 12:34:00,@chris203,bonjour y a pas au maquis de Yopougon,6,
C001971,Facebook,2026-05-14 07:38:00,@kevin443,@awale_ci à 1500 francs le litre c'est chaud pour nous,2,
C001986,Instagram,2026-05-16 22:17:00,@fatou293,"kalité au top, continuez comme ça 💪",0,
C001997,TikTok,2026-05-16 16:36:00,@nadege290,faut mettre à Adjamé aussi ooh ooh ❤️,0,
C002008,TikTok,2026-05-17 10:24:00,@didi219,"slt plus de bissap dans mon quartier, c'est comment ?",3,
C002016,Instagram,2026-05-18 15:46:00,@chris172,c'est trop bon le bissap Awalé 😍 à Marcory 👏!!,0,
C002033,TikTok,2026-05-19 19:44:00,@mariam253,@awale_ci c'est sucré comment ? il y a du sucre ajouté ? à Koumassi,5,
C002041,Instagram,2026-05-20 23:49:00,@abou288,Boostez vos followers 📈 DM,1,
C002048,Instagram,2026-05-21 17:18:00,@kone.169,Suis moi je te suis 🔙,9,
C002052,Instagram,2026-05-21 08:52:00,@kone.526,le nouveau packaging est joli 😍 répondez svp,0,
C002088,Facebook,2026-05-24 19:47:00,@bakary471,franchement any sugar-free option? merci 💪,0,
C002118,Facebook,2026-05-26 12:17:00,@traore714,"j'ai vu chez @miss_abj_lifestyle, je viens voir qui est comme moi ?",4,
C002125,Instagram,2026-05-27 12:51:00,@fatou251,commande annulée sans explication à Adjamé,0,
C002126,Instagram,2026-05-27 07:35:00,@mimi518,Suis moi je te suis 🔙,19,
C002128,TikTok,2026-05-27 19:42:00,@rita695,mes enfants adorent le bissap Awalé merci,0,
C002152,TikTok,2026-05-29 20:37:00,@serge568,on ne trouve plus 😭 c'est fini ? voilà,1,
C002169,TikTok,2026-05-30 16:45:00,@rita16,le 33cl est parfait pour le bureau 👌,1,
C002175,Facebook,2026-05-30 08:38:00,@awa_386,arrêtez les pubs trop répétitives svp,9,
C002196,Facebook,2026-06-01 16:11:00,@junior655,slt le bouye est doux paa 😋 à Treichville 😂,21,
C002211,Facebook,2026-06-02 11:23:00,@bakary755,"vraiment bravo, c'est bien fait",7,
C002212,Instagram,2026-06-02 22:50:00,@yao692,le prix a encore monté ?...,1,
C002226,Facebook,2026-06-03 20:32:00,@bakary931,Abonne toi à ma page ❤️,8,
C002227,TikTok,2026-06-03 17:40:00,@rita254,trop cher pour la qualité désolé s'il vous plaît à Plateau 🔥!!!,7,
C002244,TikTok,2026-06-04 16:12:00,@yao412,Bjr vous livrez sur Riviera 3 ? à Plateau,24,
C002254,Instagram,2026-06-05 09:04:00,@stephane612,slt kpakpato va parler mais c'est bon 😂 à Cocody,0,
C002262,TikTok,2026-06-06 10:46:00,@chris955,"Perte de poids en 7 jours, DM 💊",3,
C002268,Facebook,2026-06-06 11:32:00,@awa_988,le 33cl est parfait pour le bureau 👌 😒,0,
C002274,TikTok,2026-06-07 22:07:00,@ibrahim576,stock fini à Marcory zone 4,0,
C002302,TikTok,2026-06-09 17:30:00,@abou66,y a pas drap avec Awalé,4,
C002325,Facebook,2026-06-10 20:44:00,@abou60,Suis moi je te suis 🔙,1,
C002331,Facebook,2026-06-11 23:34:00,@didi662,le stand hier à Cocody 🔥 dégustation top,1,
C002336,Facebook,2026-06-11 07:52:00,@mariam576,sincèrement  votre stand à Yopougon était bien organisé,6,
C002339,Instagram,2026-06-11 22:12:00,@awa_108,Bjr y a pas drap avec Awalé,0,
C002342,Instagram,2026-06-12 13:52:00,@aya244,"qualité au top, continuez comme ça 💪 à Abobo",2,
C002375,Facebook,2026-06-14 14:33:00,@traore231,"hey j'ai vu à la radio, j'ai testé, je ne regrette pas",7,
C002382,TikTok,2026-06-14 09:29:00,@didi141,"qualité au top, continuez comme ça 💪",7,
C002397,TikTok,2026-06-15 09:35:00,@abou955,le 33cl à 500 c'est correct mais le 1L non 😂,0,
C002407,Facebook,2026-06-15 23:00:00,@yao501,mes enfants adorent le bissap Awalé,10,
C002419,Facebook,2026-06-16 13:08:00,@serge774,do you ship to Grand-Bassam? à Marcory,7,
C002431,Facebook,2026-06-17 15:37:00,@ibrahim216,svp livraison nickel merci,3,
C002451,TikTok,2026-06-19 15:45:00,@kone.680,livraison nickel merci...,9,
C002457,Instagram,2026-06-19 16:39:00,@kevin545,GAGNEZ 500.000F CLIQUEZ ICI 👉 bit.ly/xxxx,2,
C002473,Instagram,2026-06-20 18:51:00,@abou201,le bouchon est difficile à ouvrir,2,
C002488,Instagram,2026-06-21 22:49:00,@aicha_835,1500 c'est trop cher hein 😩,1,
C002493,TikTok,2026-06-22 13:25:00,@traore967,"j'ai goûté hier, franchement c'est propre",1,
C002513,Instagram,2026-06-23 09:38:00,@mimi861,votre stand à Yopougon était bien organisé répondez svp,2,
C002526,Facebook,2026-06-25 19:01:00,@awa_843,meilleur bissap d'Abidjan wallah,3,
C002534,Instagram,2026-06-25 13:50:00,@junior438,c'est sucré comment ? il y a du sucre ajouté ?,15,
C002536,TikTok,2026-06-26 19:26:00,@didi171,"mais  j'ai vu chez @miss_abj_lifestyle, je viens voir",3,
C002557,Instagram,2026-06-27 19:38:00,@fatou509,"j'ai commandé sur WhatsApp, arrivé rapide 👍",0,
C002577,Facebook,2026-06-29 20:36:00,@kevin395,Abonne toi à ma page ❤️,0,
C002597,Instagram,2026-06-30 14:23:00,@awa_216,meilleur bissap d'Abidjan wallah...,1,
C002602,Facebook,2026-02-03 13:34:00,@bakary503,"Formation trading gratuite, écris moi",1,
C002626,Instagram,2026-06-08 13:04:00,@traore757,👍,1,
C002632,Instagram,2026-03-02 18:01:00,@kevin220,le 33cl est parfait pour le bureau 👌 😂,1,
C002638,Instagram,2026-05-10 19:41:00,@kone.109,slt stock fini à Marcory zone 4 à Abobo,0,
C002646,TikTok,2026-01-04 18:26:00,@yao425,le 33cl est parfait pour le bureau 👌,2,
C002660,TikTok,2026-03-16 21:07:00,@ibrahim954,Bjr le nouveau packaging est joli 😍 à Bingerville,4,
C002716,TikTok,2026-05-19 16:38:00,@traore569,"svp j'ai fait 3 boutiques, rien",5,
C002722,TikTok,2026-05-12 09:26:00,@kevin108,svp mettez dans les supermarchés de Cocody,2,
C002725,Facebook,2026-01-29 18:35:00,@abou808,prévoyez des packs de 6 pour les familles,0,
C002745,Instagram,2026-03-11 22:27:00,@yao931,je confirme,3,C001053
C002751,Instagram,2026-01-28 21:53:00,@traore26,mdr 😂,7,C000385
C002779,Facebook,2026-06-09 14:14:00,@yao389,je confirme,1,C002304
C000012,Instagram,2026-01-01 08:54:00,@didi913,love the branding 🔥,0,
C000015,Instagram,2026-01-01 20:12:00,@didi98,livraison trop lente 😒,2,
C000025,Instagram,2026-01-02 17:35:00,@junior632,"j'ai goûté hier, franchement cé propre merci",0,
C000082,Facebook,2026-01-07 08:11:00,@junior886,trop cher pour la qualité désolé merci,2,
C000085,Facebook,2026-01-07 22:30:00,@stephane933,meilleur bissap d'Abidjan wallah,6,
C000103,TikTok,2026-01-08 18:59:00,@aya86,concurrence est moins chère hein,0,
C000107,TikTok,2026-01-08 16:12:00,@aya596,"bon j'ai fait 3 boutiques, rien",3,
C000113,Instagram,2026-01-09 17:32:00,@fatou904,la vidéo TikTok est drôle 😂 à Riviera 3,2,
C000128,TikTok,2026-01-10 20:10:00,@aicha_17,Vends iPhone 13 neuf 07 00 00 00 00,3,
C000194,Instagram,2026-01-15 14:48:00,@serge6,le 33cl à 500 c'est correct mais le 1L non,0,
C000195,Instagram,2026-01-15 17:40:00,@yao810,diminuez le prix on va acheter plus qui est comme moi ?,2,
C000210,Instagram,2026-01-16 22:00:00,@mimi964,sincèrement 1500 c'est trop cher hein 😩,9,
C000212,TikTok,2026-01-16 10:34:00,@kone.243,the hibiscus one is great,6,
C000227,Facebook,2026-01-17 12:07:00,@aya719,LA BOUTEILLE FUIT UN PEU,1,
C000238,Facebook,2026-01-18 21:14:00,@yao204,meilleur bissap d'Abidjan wallah svp à Treichville,4,
C000241,Facebook,2026-01-19 20:58:00,@chris282,bonjour 1500 c'est trop cher hein 😩,0,
C000257,TikTok,2026-01-20 23:46:00,@ibrahim956,slt commande annulée sans explication,0,
C000269,Facebook,2026-01-21 09:18:00,@mimi844,PRÊT D'ARGENT RAPIDE SANS GARANTIE contactez,12,
C000274,Facebook,2026-01-21 10:44:00,@fatou485,y a pas au makis de Yopougon,3,
C000276,TikTok,2026-01-21 11:04:00,@aya350,c'est sucré comment ? il y a du sucre ajouté ? ooh,1,
C000302,Instagram,2026-01-23 08:32:00,@didi761,le gingembre est enjaillant dèh 🔥,13,
C000307,Facebook,2026-01-23 18:16:00,@traore816,sincèrement le bouye est doux paa 😋,7,
C000308,Instagram,2026-01-23 10:21:00,@chris402,"Bjr commande passée depuis 3h, toujours rien",1,
C000327,Facebook,2026-01-25 17:50:00,@traore733,TCHÊ C'EST DOUX À MARCORY,15,
C000330,Facebook,2026-01-25 12:34:00,@mimi888,slt votre stand à Yopougon était bien organisé à Riviera 3,1,
C000337,Facebook,2026-01-25 10:45:00,@bakary801,Vends iPhone 13 neuf 07 00 00 00 00,12,
C000388,TikTok,2026-01-29 09:59:00,@kevin508,le bouchon est difficile à ouvrir,3,
C000397,Instagram,2026-01-29 13:33:00,@kone.609,Abonne toi à ma page ❤️,7,
C000415,Instagram,2026-01-30 23:30:00,@kone.382,"j'ai goûté hier, franchement cé propre répondez svp 👏",11,
C000453,TikTok,2026-02-02 23:12:00,@yao234,🔥🔥🔥,1,
C000478,Facebook,2026-02-03 08:46:00,@serge328,bon le 33cl est parfait pour le bureau 👌,2,
C000484,Facebook,2026-02-04 17:05:00,@fatou993,le bouye est doux paa 😋 dèh,4,
C000485,TikTok,2026-02-04 17:13:00,@aicha_149,"Formation trading gratuite, écris moi",8,
C000494,TikTok,2026-02-04 16:54:00,@serge935,"slt qualité au top, continuez comme ça 💪 merci 😂",3,
C000517,Facebook,2026-02-05 14:30:00,@fatou922,@awale_ci  vous livrez sur Riviera 3 ?,2,
C000527,Instagram,2026-02-06 23:04:00,@chris281,mes enfants adorent le bissap Awalé,10,
C000547,TikTok,2026-02-07 14:13:00,@aya540,c'est sucré comment ? il y a du sucre ajouté ?,0,
C000586,TikTok,2026-02-10 15:59:00,@chris711,mes  enfants adorent le bissap Awalé,1,
C000590,TikTok,2026-02-11 20:05:00,@serge392,mes enfants adorent le bissap Awalé,0,
C000603,Instagram,2026-02-12 11:08:00,@mariam424,l'étikette se décolle au frigo,1,
C000606,TikTok,2026-02-12 20:27:00,@kone.879,"j'ai vu chez @miss_abj_lifestyle, je viens voir",1,
C000662,Instagram,2026-02-15 14:15:00,@serge216,meilleur bissap d'Abidjan wallah svp,2,
C000665,Facebook,2026-02-15 10:38:00,@traore636,PRÊT D'ARGENT RAPIDE SANS GARANTIE contactez,1,
C000667,TikTok,2026-02-15 22:38:00,@abou480,Suis moi je te suis 🔙,0,
C000669,Facebook,2026-02-15 09:07:00,@fatou845,Vends iPhone 13 neuf 07 00 00 00 00,5,
C000675,Instagram,2026-02-16 13:23:00,@nadege183,FAUT BAISSER LE PRIX OOH À COCODY ❤️,0,
C000683,Instagram,2026-02-16 23:07:00,@mariam469,"Formation trading gratuite, écris moi",0,
C000689,TikTok,2026-02-17 14:08:00,@abou497,"je prends 2 bouteilles chaque soir, top",3,
C000736,Instagram,2026-02-19 11:43:00,@awa_338,le livreur ne répond pas à Koumassi,2,
C000767,TikTok,2026-02-21 08:13:00,@serge264,PRÊT D'ARGENT RAPIDE SANS GARANTIE contactez,3,
C000768,Facebook,2026-02-21 20:31:00,@rita97,"Bjr j'ai commandé sur WhatsApp, arrivé rapide 👍",1,
C000774,Instagram,2026-02-21 22:50:00,@fatou13,mais commande annulée sans explication à Plateau 🔥,6,
C000784,Facebook,2026-02-22 22:03:00,@chris297,le gingembre est enjaillant dèh 🔥,2,
C000824,TikTok,2026-02-24 23:03:00,@traore796,"j'ai vu à la radio, j'ai testé, je ne regrette pas à Port-Bouët",0,
C000850,Facebook,2026-02-26 20:32:00,@abou554,Abonne toi à ma page ❤️,24,
C000869,TikTok,2026-02-27 13:31:00,@awa_250,on peut payer par Wave ?,1,
C000873,Instagram,2026-02-27 11:07:00,@aicha_538,svp mettez dans les supermarchés de Cocody,2,
C000896,Facebook,2026-03-01 11:37:00,@stephane443,le 33cl à 500 c'est correct mais le 1L non qui est comme moi ? 😋,1,
C000910,Facebook,2026-03-02 17:58:00,@aicha_875,love the branding 🔥 svp 😒,4,
C000915,Instagram,2026-03-02 18:36:00,@nadege806,👍,2,
C000917,TikTok,2026-03-03 19:14:00,@chris786,"vraiment bravo, c'est bien fait répondez svp",6,
C000930,Facebook,2026-03-03 15:00:00,@awa_883,"qualité au top, continuez comme ça 💪",4,
C000937,Instagram,2026-03-03 10:07:00,@bakary955,❤️❤️❤️,2,
C000943,Instagram,2026-03-04 18:31:00,@junior396,GAGNEZ 500.000F CLIQUEZ ICI 👉 bit.ly/xxxx,3,
C000947,Instagram,2026-03-04 12:36:00,@aicha_135,arrêtez les pubs trop répétitives svp 😂,1,
C000990,Facebook,2026-03-07 07:06:00,@aicha_591,bonjour  the hibiscus one is great dèh 🥤,0,
C000992,Instagram,2026-03-07 15:22:00,@abou511,"je prends 2 bouteilles chaque soir, top à Koumassi",0,
C001053,Instagram,2026-03-11 22:27:00,@mariam341,wê on veut le gingembre à Plateau,8,
C001082,Instagram,2026-03-13 19:00:00,@aya622,hey vu votre pub à la radio ce matin 📻 hein,2,
C001086,Facebook,2026-03-13 12:27:00,@yao484,le 33cl est parfait pour le bureau 👌,2,
C001111,Facebook,2026-03-15 15:10:00,@bakary123,"j'ai vu chez @miss_abj_lifestyle, je viens voir 👌",3,
C001118,TikTok,2026-03-15 19:44:00,@didi146,"c'est frais et pas trop sucré, merci...",3,
C001123,Facebook,2026-03-16 14:01:00,@aicha_608,à 1500 francs le litre c'est chaud pour nous 👏,0,
C001143,TikTok,2026-03-17 23:15:00,@mimi911,PRÊT D'ARGENT RAPIDE SANS GARANTIE contactez,12,
C001189,TikTok,2026-03-20 18:07:00,@bakary659,commande annulée sans explication 😋,10,
C001190,Facebook,2026-03-20 18:59:00,@kevin516,franchement arrêtez les pubs trop répétitives svp,4,
C001221,Instagram,2026-03-21 20:36:00,@rita16,c'est du bissap naturel ou du concentré ? mdr,5,
C001231,TikTok,2026-03-22 19:48:00,@chris267,"je prends 2 bouteilles chaque soir, top répondez svp",1,
C001235,Instagram,2026-03-22 12:06:00,@junior195,the hibiscus one is great ooh,4,
C001237,Instagram,2026-03-22 10:53:00,@traore92,meilleur  bissap d'Abidjan wallah svp,2,
C001257,Instagram,2026-03-24 15:11:00,@aicha_736,trop cher pour la qualité désolé merci ❤️,0,
C001263,Facebook,2026-03-25 12:34:00,@kone.565,Suis moi je te suis 🔙,1,
C001281,TikTok,2026-03-26 14:28:00,@kone.377,les diabétiques peuvent boire ? répondez svp,2,
C001291,Instagram,2026-03-26 20:35:00,@nadege555,"Bjr c'est frais et pas trop sucré, merci",2,
C001293,Instagram,2026-03-27 15:05:00,@traore979,GAGNEZ 500.000F CLIQUEZ ICI 👉 bit.ly/xxxx,2,
C001308,Facebook,2026-03-27 09:29:00,@mariam443,"j'ai vu à la radio, j'ai testé, je ne regrette pas",7,
C001317,Facebook,2026-03-28 12:25:00,@abou844,meilleur bissap d'Abidjan wallah 😩,0,
C001325,TikTok,2026-03-29 09:20:00,@stephane59,le prix a encore monté ? répondez svp à Koumassi 👌,1,
C001347,Instagram,2026-03-30 17:52:00,@chris973,vous livrez à Bingerville ?,11,
C001360,Facebook,2026-03-31 16:01:00,@aya578,"c'est frais et pas trop sucré, merci",1,
C001365,TikTok,2026-03-31 14:02:00,@chris658,la vidéo TikTok est drôle 😂,2,
C001366,TikTok,2026-03-31 19:50:00,@mimi101,❤️❤️❤️,3,
C001464,Instagram,2026-04-08 11:46:00,@nadege840,rupture partout à Angré depuis 2 semaines 😤,0,
C001485,Instagram,2026-04-09 18:20:00,@abou665,"Formation trading gratuite, écris moi",4,
C001499,Instagram,2026-04-10 18:09:00,@rita579,le bouchon est difficile à ouvrir,3,
C001542,TikTok,2026-04-12 09:07:00,@traore222,le livreur ne répond pas dèh,8,
C001571,Instagram,2026-04-14 13:50:00,@yao602,PRÊT D'ARGENT RAPIDE SANS GARANTIE contactez,7,
C001580,Instagram,2026-04-15 17:20:00,@aicha_53,mais votre stand à Yopougon était bien organisé mdr,2,
C001596,Instagram,2026-04-16 16:39:00,@bakary786,prévoyez des packs de 6 pour les familles,0,
C001602,Facebook,2026-04-17 19:29:00,@fatou217,Abonne toi à ma page ❤️,13,
C001603,TikTok,2026-04-17 17:03:00,@traore776,on ne trouve plus 😭 c'est fini ?,2,
C001608,Instagram,2026-04-17 18:11:00,@mimi129,mais wê on veut le gingembre voilà à Marcory,0,
C001629,TikTok,2026-04-19 09:07:00,@stephane185,y a pas au maquis de Yopougon,0,
C001635,Instagram,2026-04-19 10:32:00,@yao314,y a pas au maquis de Yopougon,1,
C001643,Instagram,2026-04-20 16:47:00,@yao652,❤️❤️❤️,7,
C001650,Instagram,2026-04-20 19:30:00,@yao306,le livreur ne répond pas,3,
C001668,Instagram,2026-04-22 11:54:00,@aicha_770,sincèrement vous livrez à Bingerville ?,0,
C001696,Facebook,2026-04-24 08:46:00,@yao355,y a pas au maquis de Yopougon,7,
C001708,TikTok,2026-04-25 23:26:00,@yao651,vu votre pub à la radio ce matin 📻 dèh 💪...,0,
C001721,Facebook,2026-04-26 14:00:00,@kevin5,la pub pendant le match était bien placée,7,
C001751,Instagram,2026-04-28 19:49:00,@bakary73,"j'ai vu chez @miss_abj_lifestyle, je viens voir",7,
C001801,Facebook,2026-05-02 22:49:00,@kone.725,BON VOTRE STAND À YOPOUGON ÉTAIT BIEN ORGANISÉ MERCI,10,
C001814,Instagram,2026-05-03 23:19:00,@ibrahim329,la vidéo TikTok est drôle 😂 😩,3,
C001820,Instagram,2026-05-03 17:02:00,@aicha_622,"svp j'ai vu chez @miss_abj_lifestyle, je viens voir",1,
C001855,Instagram,2026-05-06 19:44:00,@abou883,rupture partout à Angré depuis 2 semaines 😤,15,
C001862,Instagram,2026-05-07 18:42:00,@traore327,"j'ai vu chez @miss_abj_lifestyle, je viens voir",10,
C001875,Instagram,2026-05-08 14:01:00,@junior9,votre stand à Yopougon était bien organisé à Koumassi,2,
C001888,Instagram,2026-05-08 20:30:00,@nadege634,svp mettez dans les supermarchés de Cocody svp,4,
C001913,Facebook,2026-05-10 07:03:00,@nadege697,GAGNEZ 500.000F CLIQUEZ ICI 👉 bit.ly/xxxx,6,
C001919,Instagram,2026-05-11 20:05:00,@awa_534,le bouye est doux paa 😋 🙏 🇨🇮,2,
C001939,TikTok,2026-05-12 14:07:00,@kone.923,❤️❤️❤️,12,
C001950,TikTok,2026-05-13 10:30:00,@aya664,votre stand à Yopougon était bien organisé,5,
C001951,Instagram,2026-05-13 17:26:00,@stephane618,"j'ai  vu à la radio, j'ai testé, je ne regrette pas",10,
C001959,TikTok,2026-05-14 08:16:00,@bakary747,"j'ai vu chez @miss_abj_lifestyle, je viens voir!!!",4,
C001965,TikTok,2026-05-14 13:51:00,@stephane311,le stand hier à Cocody 🔥 dégustation top 😒,2,
C001973,Facebook,2026-05-14 07:22:00,@yao3,le bouchon est difficile à ouvrir!!!,2,
C001995,Facebook,2026-05-16 15:40:00,@bakary538,le 33cl est parfait pour le bureau 👌 répondez svp à Abobo,0,
C002010,TikTok,2026-05-17 19:08:00,@mariam799,franchement arrêtez les pubs trop répétitives svp qui est comme moi ? à Koumassi,0,
C002019,Facebook,2026-05-18 09:43:00,@junior348,"Formation trading gratuite, écris moi",10,
C002032,TikTok,2026-05-19 16:38:00,@traore569,"svp j'ai fait 3 boutiques, rien",5,
C002075,Facebook,2026-05-23 18:44:00,@stephane396,"qualité au top, continuez comme ça 💪 à Adjamé",9,
C002093,Instagram,2026-05-24 19:40:00,@serge65,vs livrez sur Riviera 3 ? 🙏,12,
C002106,Instagram,2026-05-25 11:15:00,@junior169,faut mettre à Adjamé aussi ooh ooh 🇨🇮,11,
C002111,Facebook,2026-05-26 16:38:00,@stephane680,commande annulée sans explication,5,
C002127,Facebook,2026-05-27 15:19:00,@rita648,PRÊT D'ARGENT RAPIDE SANS GARANTIE contactez,12,
C002138,Instagram,2026-05-28 13:33:00,@serge174,le stand hier à Cocody 🔥 dégustation top ooh 🙏,3,
C002144,TikTok,2026-05-28 13:40:00,@aya163,Bonjour,3,
C002151,Instagram,2026-05-29 19:34:00,@chris899,vous livrez à Bingerville ?,8,
C002157,Instagram,2026-05-29 14:26:00,@kevin374,le 33cl est parfait pour le bureau 👌,0,
C002161,TikTok,2026-05-29 09:57:00,@awa_326,"vraiment bravo, c'est bien fait 🇨🇮",0,
C002165,Facebook,2026-05-30 16:38:00,@kone.816,"j'ai vu à la radio, j'ai testé, je ne regrette pas",1,
C002168,Facebook,2026-05-30 22:11:00,@junior66,"j'ai vu à la radio, j'ai testé, je ne regrette pas à Angré",2,
C002170,Facebook,2026-05-30 22:33:00,@yao857,❤️❤️❤️,2,
C002180,Instagram,2026-05-31 22:20:00,@stephane506,le bouye est doux paa 😋 à Yopougon 💪,2,
C002181,Facebook,2026-05-31 12:13:00,@mariam540,vu votre pub à la radio ce matin 📻 voilà 😍!!,2,
C002182,Instagram,2026-05-31 19:24:00,@bakary376,bonjour à 1500 francs le litre c'est chaud pour nous,2,
C002201,Facebook,2026-06-01 12:40:00,@junior556,"c'est frais et pas trop sucré, merci 💪",4,
C002259,TikTok,2026-06-05 16:03:00,@fatou775,ON DIT QUOI POUR LA PROMO ? HEIN,1,
C002276,Facebook,2026-06-07 16:51:00,@fatou270,pourquoi il n'y a plus rien en rayon ?,3,
C002292,Instagram,2026-06-08 13:04:00,@traore757,👍,1,
C002300,TikTok,2026-06-09 23:28:00,@aicha_290,"plus de bissap dans mon quartier, c'est comment ? ooh à Cocody",1,
C002306,Instagram,2026-06-09 14:35:00,@awa_844,votre stand à Yopougon était bien organisé,0,
C002326,Instagram,2026-06-11 14:15:00,@nadege720,diminuez le prix on va acheter plus,2,
C002349,Instagram,2026-06-12 13:42:00,@didi944,le bouye est doux paa 😋 ooh,0,
C002368,TikTok,2026-06-14 07:52:00,@bakary171,🔥🔥🔥,2,
C002383,Instagram,2026-06-14 09:29:00,@junior496,slt c'est du bissap naturel ou du concentré ? 🙏 ❤️,8,
C002387,Instagram,2026-06-15 09:22:00,@chris192,y a pas au maquis de Yopougon à Bingerville 😍,0,
C002393,TikTok,2026-06-15 08:01:00,@nadege886,commande annulée sans explication,0,
C002402,Instagram,2026-06-15 14:12:00,@ibrahim615,Bjr le 33cl à 500 c'est correct mais le 1L non,0,
C002405,TikTok,2026-06-15 09:37:00,@traore598,le prix a encore monté ? hein,5,
C002416,TikTok,2026-06-16 09:11:00,@awa_740,y a pas au maquis de Yopougon à Port-Bouët,3,
C002422,Facebook,2026-06-16 16:15:00,@bakary976,"j'ai vu chez @miss_abj_lifestyle, je viens voir",7,
C002425,Instagram,2026-06-17 19:11:00,@junior591,vu votre pub à la radio ce matin 📻,4,
C002444,Instagram,2026-06-18 15:01:00,@kevin620,"vraiment bravo, c'est bien fait",0,
C002455,Instagram,2026-06-19 20:06:00,@chris39,faut baisser le prix ooh à Cocody,0,
C002462,Instagram,2026-06-20 10:41:00,@kone.931,on ne trouve plus 😭 c'est fini ? mdr à Treichville,3,
C002470,Instagram,2026-06-20 18:01:00,@ibrahim761,Abonne toi à ma page ❤️,0,
C002497,Instagram,2026-06-22 17:23:00,@mariam37,"j'ai commandé sur WhatsApp, arrivé rapide 👍 à Plateau ❤️",6,
C002500,TikTok,2026-06-22 14:43:00,@kone.543,slt prévoyez des packs de 6 pour les familles répondez svp,1,
C002503,Facebook,2026-06-23 11:21:00,@mariam300,quels sont les conservateurs dedans ? ooh,3,
C002541,Instagram,2026-06-26 21:10:00,@aicha_137,GAGNEZ 500.000F CLIQUEZ ICI 👉 bit.ly/xxxx,0,
C002573,TikTok,2026-06-28 16:28:00,@ibrahim705,"J'AI COMMANDÉ SUR WHATSAPP, ARRIVÉ RAPIDE 👍 À RIVIERA 3",0,
C002610,TikTok,2026-05-10 09:50:00,@ibrahim371,LIVRAISON NICKEL MERCI,2,
C002622,Instagram,2026-05-11 21:10:00,@rita655,commande annulée sans explication,1,
C002664,Instagram,2026-03-02 19:07:00,@rita189,la pub pendant le match était bien placée,0,
C002705,TikTok,2026-03-16 07:13:00,@fatou367,"j'ai vu à la radio, j'ai testé, je ne regrette pas",0,
C002747,Instagram,2026-04-28 14:37:00,@traore249,merci pour l'info,8,C001759
C002768,Instagram,2026-01-15 15:44:00,@awa_772,exact !,9,C000199
C002790,Facebook,2026-02-17 21:32:00,@fatou211,merci pour l'info,11,C000703
C002805,Instagram,2026-01-07 09:47:00,@abou916,je confirme,11,C000093
C002823,Facebook,2026-02-19 19:29:00,@mariam900,non c'est faux hein,12,C000730
C002826,Instagram,2026-04-02 23:41:00,@serge160,mdr 😂,10,C001384
C000020,TikTok,2026-01-02 23:53:00,@traore708,"plus de bissap dans mon quartier, c'est comment ? à Port-Bouët",2,
C000030,Facebook,2026-01-03 11:23:00,@awa_500,livraison trop lente 😒 😋,2,
C000036,Facebook,2026-01-03 21:38:00,@aicha_713,Bjr votre stand à Yopougon était bien organisé à Treichville,2,
C000041,Facebook,2026-01-04 18:08:00,@stephane245,bon stock fini à Marcory zone 4,2,
C000044,Instagram,2026-01-04 22:44:00,@mariam576,mes enfants adorent le bissap Awalé à Treichville,2,
C000064,Instagram,2026-01-05 19:51:00,@kevin484,le stand hier à Cocody 🔥 dégustation top à Port-Bouët,5,
C000090,TikTok,2026-01-07 16:29:00,@stephane8,STOCK FINI À MARCORY ZONE 4 À TREICHVILLE 🥤,0,
C000119,Instagram,2026-01-09 17:40:00,@rita90,"cé  frais et pas trop sucré, merci",2,
C000125,TikTok,2026-01-10 08:56:00,@mariam476,le 33cl est parfait pour le bureau 👌,0,
C000130,Facebook,2026-01-10 09:14:00,@abou474,Boostez vos followers 📈 DM,0,
C000153,TikTok,2026-01-12 23:33:00,@junior744,vous livrez à Bingerville ? voilà à Plateau,1,
C000157,Instagram,2026-01-12 20:47:00,@didi130,"j'ai commandé sur WhatsApp, arrivé rapide 👍",0,
C000159,Facebook,2026-01-12 18:39:00,@nadege59,Suis moi je te suis 🔙,0,
C000166,Facebook,2026-01-13 19:37:00,@serge255,mon frère c'est cher dèh,6,
C000181,Facebook,2026-01-14 15:08:00,@mariam154,mon frère c'est cher dèh svp,3,
C000249,Instagram,2026-01-19 12:30:00,@chris847,1500 c'est trop cher hein 😩,4,
C000251,Facebook,2026-01-20 12:12:00,@yao701,l'étiquette se décolle au frigo hein!!,4,
C000252,Instagram,2026-01-20 07:16:00,@mariam334,franchement concurrence est moins chère hein,4,
C000255,Instagram,2026-01-20 15:02:00,@mariam371,quels sont les conservateurs dedans ?!!!,3,
C000261,Instagram,2026-01-20 07:21:00,@fatou991,"c'est enjaillant, no drap 🙏",6,
C000286,TikTok,2026-01-22 19:59:00,@serge94,@awale_ci 1500 c'est trop cher hein 😩,2,
C000321,Facebook,2026-01-24 07:28:00,@yao132,👍,1,
C000324,Instagram,2026-01-24 09:51:00,@awa_974,mes enfants adorent le bissap Awalé,6,
C000365,Facebook,2026-01-27 09:01:00,@abou610,sincèrement le 33cl à 500 cé correct mais le 1L non,10,
C000370,Instagram,2026-01-28 22:23:00,@rita726,y a pas au maquis de Yopougon,23,
C000378,Instagram,2026-01-28 09:01:00,@yao865,"c'est enjaillant, no drap qui est comme moi ?",1,
C000410,TikTok,2026-01-30 20:08:00,@fatou114,meilleur bissap d'Abidjan wallah répondez svp,5,
C000425,Instagram,2026-01-31 14:24:00,@ibrahim990,mon frère c'est cher dèh à Treichville,0,
C000431,Facebook,2026-01-31 08:59:00,@yao645,FRANCHEMENT C'EST TROP BON LE BISSAP AWALÉ 😍 DÈH À YOPOUGON,0,
C000467,Instagram,2026-02-03 13:37:00,@kevin219,Bjr mes enfants adorent le bissap Awalé,12,
C000470,Instagram,2026-02-03 17:38:00,@abou53,vous livrez sur Riviera 3 ? à Plateau,2,
C000472,Facebook,2026-02-03 13:34:00,@bakary503,"Formation trading gratuite, écris moi",1,
C000474,Instagram,2026-02-03 22:22:00,@didi841,Suis moi je te suis 🔙,1,
C000482,Facebook,2026-02-04 07:52:00,@chris181,slt vous livrez à Bingerville ? 😒,4,
C000607,Instagram,2026-02-12 18:44:00,@yao546,vu votre pub à la radio ce matin 📻,8,
C000649,Instagram,2026-02-14 12:21:00,@mimi972,Bonjour,13,
C000661,TikTok,2026-02-15 13:20:00,@aicha_581,hey y a pas au maquis de Yopougon,11,
C000664,Instagram,2026-02-15 23:30:00,@kone.301,trop  cher pour la qualité désolé à Yopougon!!!,8,
C000674,Facebook,2026-02-16 20:07:00,@ibrahim113,"j'ai goûté hier, franchement c'est propre 😂",2,
C000690,Facebook,2026-02-17 11:33:00,@rita998,VOUS AVEZ UNE VERSION SANS SUCRE ?,3,
C000699,TikTok,2026-02-17 18:51:00,@rita793,❤️❤️❤️,1,
C000745,Instagram,2026-02-20 21:59:00,@rita547,Suis moi je te suis 🔙,4,
C000765,Facebook,2026-02-21 13:44:00,@bakary37,"vraiment bravo, c'est bien fait",2,
C000773,Facebook,2026-02-21 12:00:00,@didi665,"j'ai vu chez @miss_abj_lifestyle, je viens voir",1,
C000776,Facebook,2026-02-21 20:08:00,@traore593,on ne trouve plus 😭 c'est fini ?,0,
C000815,Facebook,2026-02-23 22:24:00,@fatou953,VU VOTRE PUB À LA RADIO CE MATIN 📻 😋,6,
C000879,Instagram,2026-02-27 13:23:00,@chris820,c'est trop bon le bissap Awalé 😍 svp,11,
C000942,Facebook,2026-03-04 07:04:00,@aya799,rupture partout à Angré depuis 2 semaines 😤 à Angré,2,
C000959,Facebook,2026-03-05 08:46:00,@aya81,c'est trop bon le bissap Awalé 😍 👌,5,
C000971,Facebook,2026-03-06 09:49:00,@mariam659,rupture partout à Angré depuis 2 semaines 😤,12,
C000973,Instagram,2026-03-06 23:58:00,@aya126,"COMMANDE PASSÉE DEPUIS 3H, TOUJOURS RIEN",13,
C000987,TikTok,2026-03-07 19:32:00,@chris175,"bon cherché partout hier, introuvable",2,
C000989,Facebook,2026-03-07 09:53:00,@bakary181,PRÊT D'ARGENT RAPIDE SANS GARANTIE contactez,11,
C000995,Facebook,2026-03-07 19:10:00,@abou666,trop cher pour la qualité désolé 🙏 à Cocody,0,
C000999,Instagram,2026-03-08 11:14:00,@stephane748,le gingembre est enjaillant dèh 🔥 à Cocody!!!,6,
C001034,TikTok,2026-03-10 23:31:00,@aicha_736,1500  c'est trop cher hein 😩,1,
C001048,Instagram,2026-03-11 07:32:00,@kevin365,do you ship to Grand-Bassam?,0,
C001050,Instagram,2026-03-11 23:23:00,@didi769,vous livrez à Bingerville ?,7,
C001058,TikTok,2026-03-11 13:18:00,@awa_922,"j'ai fait 3 boutiques, rien merci 👏",4,
C001081,Facebook,2026-03-13 23:04:00,@nadege771,c'est sucré comment ? il y a du sucre ajouté ?,2,
C001090,Facebook,2026-03-13 11:46:00,@fatou931,mon frère c'est cher dèh 😋,1,
C001142,Facebook,2026-03-17 20:50:00,@junior980,GAGNEZ 500.000F CLIQUEZ ICI 👉 bit.ly/xxxx,4,
C001153,TikTok,2026-03-17 07:53:00,@chris24,"j'ai goûté hier, franchement c'est propre 😋",0,
C001160,Facebook,2026-03-18 12:33:00,@aya511,Bjr les diabétiques peuvent boire ? à Koumassi,12,
C001192,Instagram,2026-03-20 16:24:00,@kevin604,Abonne toi à ma page ❤️,2,
C001200,Facebook,2026-03-20 10:59:00,@chris367,@awale_ci mon frère c'est cher dèh ooh,0,
C001202,Facebook,2026-03-20 09:21:00,@mariam617,"J'AI GOÛTÉ HIER, FRANCHEMENT C'EST PROPRE QUI EST COMME MOI ?",2,
C001232,Facebook,2026-03-22 21:00:00,@chris626,"Formation trading gratuite, écris moi",4,
C001241,Instagram,2026-03-23 19:38:00,@yao89,le 33cl à 500 c'est correct mais le 1L non,10,
C001246,TikTok,2026-03-23 08:09:00,@traore202,"je prends 2 bouteilles chaque soir, top",3,
C001247,Facebook,2026-03-23 11:50:00,@aicha_611,"je prends 2 bouteilles chaque soir, top",2,
C001268,TikTok,2026-03-25 08:32:00,@didi681,svp mettez dans les supermarchés de Cocody,4,
C001275,Instagram,2026-03-25 18:13:00,@nadege296,PRÊT D'ARGENT RAPIDE SANS GARANTIE contactez,1,
C001279,Instagram,2026-03-26 19:56:00,@kevin688,"j'ai goûté hier, franchement c'est propre qui est comme moi ?",4,
C001285,Instagram,2026-03-26 21:32:00,@nadege469,"hey j'ai vu chez @miss_abj_lifestyle, je viens voir répondez svp",1,
C001315,Facebook,2026-03-28 08:46:00,@mimi593,faut baisser le prix ooh à Koumassi,0,
C001330,Instagram,2026-03-29 15:50:00,@kevin282,"eh j'ai vu chez @miss_abj_lifestyle, je viens voir",3,
C001361,TikTok,2026-03-31 21:07:00,@aicha_568,Suis moi je te suis 🔙,3,
C001369,Instagram,2026-03-31 08:31:00,@kone.814,la vidéo TikTok est drôle 😂,2,
C001370,Instagram,2026-03-31 15:43:00,@rita313,"j'ai goûté hier, franchement c'est propre hein à Bingerville!!",9,
C001384,Instagram,2026-04-02 23:41:00,@kevin386,les diabétikes peuvent boire ? mdr,0,
C001387,TikTok,2026-04-02 15:41:00,@ibrahim634,mes enfants adorent le bissap Awalé à Riviera 3,12,
C001395,TikTok,2026-04-02 12:43:00,@kone.561,la bouteille fuit un peu à Marcory,1,
C001401,Instagram,2026-04-03 14:13:00,@kone.527,on ne trouve plus 😭 c'est fini ? à Plateau,0,
C001406,TikTok,2026-04-03 09:51:00,@kevin795,Bjr à 1500 francs le litre cé chaud pour nous svp,2,
C001413,Instagram,2026-04-04 08:53:00,@fatou526,votre  stand à Yopougon était bien organisé 🥤,4,
C001414,TikTok,2026-04-04 08:14:00,@mimi732,the hibiscus one is great dèh,3,
C001467,Instagram,2026-04-08 09:27:00,@chris906,"Perte de poids en 7 jours, DM 💊",2,
C001484,Facebook,2026-04-09 07:00:00,@abou820,"j'ai fait 3 boutiques, rien",1,
C001504,Facebook,2026-04-10 18:02:00,@serge106,"plus  de bissap dans mon quartier, c'est comment ?",3,
C001505,Instagram,2026-04-10 07:33:00,@kevin404,prévoyez des packs de 6 pour les familles ooh,8,
C001515,TikTok,2026-04-11 15:33:00,@serge297,faites un format 2L svp,1,
C001520,Facebook,2026-04-11 22:18:00,@aicha_221,diminuez le prix on va acheter plus,2,
C001528,Instagram,2026-04-12 11:53:00,@serge514,"cherché partout hier, introuvable",0,
C001539,Facebook,2026-04-12 22:17:00,@awa_746,vs livrez sur Riviera 3 ?,0,
C001553,Instagram,2026-04-13 13:09:00,@chris354,à 1500 francs le litre c'est chaud pour nous svp,0,
C001583,Facebook,2026-04-15 19:24:00,@ibrahim917,"cherché partout hier, introuvable",7,
C001586,Instagram,2026-04-16 09:19:00,@chris24,l'étiquette se décolle au frigo ??,0,
C001615,Facebook,2026-04-17 22:54:00,@nadege1,Suis moi je te suis 🔙,0,
C001639,Facebook,2026-04-20 18:32:00,@didi888,vu votre pub à la radio ce matin 📻,4,
C001652,TikTok,2026-04-20 09:27:00,@aya310,"j'ai goûté hier, franchement c'est propre",13,
C001655,Instagram,2026-04-20 09:30:00,@kone.686,slt le stand hier à Cocody 🔥 dégustation top,1,
C001664,TikTok,2026-04-21 21:43:00,@traore963,bon rupture partout à Angré depuis 2 semaines 😤!!,1,
C001669,TikTok,2026-04-22 22:55:00,@stephane38,bon rupture partout à Angré depuis 2 semaines 😤 à Treichville,0,
C001680,TikTok,2026-04-23 08:05:00,@kone.921,"j'ai fait 3 boutiques, rien",1,
C001693,TikTok,2026-04-24 21:27:00,@nadege171,le stand hier à Cocody 🔥 dégustation top ❤️,12,
C001698,Facebook,2026-04-24 23:48:00,@abou341,"COMMANDE PASSÉE DEPUIS 3H, TOUJOURS RIEN",1,
C001713,Instagram,2026-04-25 10:43:00,@junior615,"qualité au top, continuez comme ça 💪 répondez svp",1,
C001717,TikTok,2026-04-26 07:17:00,@stephane456,"Perte de poids en 7 jours, DM 💊",0,
C001722,Facebook,2026-04-26 12:50:00,@junior515,hey quels sont les conservateurs dedans ?,2,
C001723,Facebook,2026-04-26 10:47:00,@aya792,"c'est frais et pas trop sucré, merci dèh",0,
C001731,TikTok,2026-04-27 22:06:00,@ibrahim453,on dit quoi pour la promo ?,2,
C001763,TikTok,2026-04-29 12:05:00,@nadege619,pourquoi il n'y a plus rien en rayon ?,1,
C001771,Facebook,2026-04-29 10:44:00,@bakary166,on ne trouve plus 😭 cé fini ?,1,
C001778,TikTok,2026-04-30 08:53:00,@mimi375,faut baisser le prix ooh répondez svp,2,
C001787,Instagram,2026-05-01 08:35:00,@awa_521,y a pas au maquis de Yopougon répondez svp,0,
C001788,Facebook,2026-05-01 11:44:00,@kevin223,on ne trouve plus 😭 c'est fini ?,9,
C001811,Instagram,2026-05-03 16:14:00,@abou537,"plus de bissap dans mon quartier, c'est comment ?",9,
C001813,Instagram,2026-05-03 16:08:00,@bakary746,"Perte de poids en 7 jours, DM 💊",5,
C001828,TikTok,2026-05-04 14:10:00,@mariam724,do you ship to Grand-Bassam? à Angré,1,
C001838,TikTok,2026-05-05 18:29:00,@traore655,mon frère c'est cher dèh svp,5,
C001844,Facebook,2026-05-05 18:34:00,@mimi488,Bjr on ne trouve plus 😭 c'est fini ?,0,
C001845,Instagram,2026-05-05 16:42:00,@serge41,on ne trouve plus 😭 c'est fini ? 💪,1,
C001884,TikTok,2026-05-08 14:51:00,@traore412,"plus de bissap dans mon quartier, c'est comment ?",8,
C001885,Instagram,2026-05-08 10:02:00,@didi320,"j'ai vu chez @miss_abj_lifestyle, je viens voir merci",0,
C001889,Facebook,2026-05-09 12:18:00,@junior461,"Bjr qualité au top, continuez comme ça 💪...",7,
C001946,TikTok,2026-05-13 15:40:00,@yao991,vous livrez sur Riviera 3 ? hein à Plateau,2,
C001960,Facebook,2026-05-14 07:48:00,@yao179,ON PEUT PAYER PAR WAVE ? 💪,15,
C001985,Instagram,2026-05-15 11:38:00,@kone.156,concurrence est moins chère hein à Bingerville!!!,13,
C001989,Instagram,2026-05-16 15:18:00,@abou762,votre  stand à Yopougon était bien organisé répondez svp,3,
C002000,Instagram,2026-05-17 07:29:00,@aicha_462,GAGNEZ 500.000F CLIQUEZ ICI 👉 bit.ly/xxxx,0,
C002028,Facebook,2026-05-19 07:07:00,@aicha_585,"j'ai goûté hier, franchement c'est propre 😂",0,
C002070,Instagram,2026-05-22 22:35:00,@nadege274,GAGNEZ 500.000F CLIQUEZ ICI 👉 bit.ly/xxxx,1,
C002074,Instagram,2026-05-23 08:17:00,@awa_84,"slt j'ai vu chez @miss_abj_lifestyle, je viens voir merci",9,
C002109,Facebook,2026-05-25 22:08:00,@abou636,c'est gbé ça 😎,3,
C002147,TikTok,2026-05-29 15:24:00,@ibrahim789,"cé frais et pas trop sucré, merci",7,
C002156,Instagram,2026-05-29 07:12:00,@didi931,la vidéo TikTok est drôle 😂,2,
C002158,Facebook,2026-05-29 09:51:00,@serge233,🔥🔥🔥,3,
C002163,Instagram,2026-05-30 20:36:00,@aicha_945,hey le 33cl à 500 c'est correct mais le 1L non,2,
C002185,Instagram,2026-05-31 10:50:00,@fatou600,arrêtez les pubs trop répétitives svp,1,
C002195,Instagram,2026-06-01 18:18:00,@serge530,Abonne toi à ma page ❤️,0,
C002198,Facebook,2026-06-01 13:24:00,@kevin186,wê on veut le gingembre dèh,1,
C002220,Facebook,2026-06-03 10:56:00,@mimi912,Bonjour,0,
C002223,TikTok,2026-06-03 11:21:00,@junior658,vous livrez à Bingerville ?,3,
C002225,Instagram,2026-06-03 18:25:00,@serge110,Abonne toi à ma page ❤️,5,
C002271,Facebook,2026-06-06 19:44:00,@abou426,"Perte de poids en 7 jours, DM 💊",19,
C002289,Facebook,2026-06-08 12:58:00,@junior66,meilleur bissap d'Abidjan wallah,0,
C002298,TikTok,2026-06-09 10:15:00,@serge275,la bouteille fuit un peu 🔥,0,
C002310,Facebook,2026-06-09 20:09:00,@nadege332,le bouye est doux paa 😋,11,
C002330,Instagram,2026-06-11 12:04:00,@nadege515,le stand hier à Cocody 🔥 dégustation top à Koumassi,10,
C002363,TikTok,2026-06-13 23:27:00,@yao978,🔥🔥🔥,4,
C002370,Facebook,2026-06-14 14:15:00,@didi291,diminuez le prix on va acheter plus mdr,0,
C002388,Instagram,2026-06-15 15:05:00,@mariam479,svp mettez dans les supermarchés de Cocody,1,
C002403,Instagram,2026-06-15 10:15:00,@aicha_159,"j'ai goûté hier, franchement c'est propre",8,
C002410,Facebook,2026-06-16 19:17:00,@didi499,tchê c'est doux...,8,
C002415,TikTok,2026-06-16 13:07:00,@kevin121,bonjour le stand hier à Cocody 🔥 dégustation top à Angré,1,
C002428,TikTok,2026-06-17 10:45:00,@rita427,where  can I buy this in Abidjan?!!!,0,
C002441,Instagram,2026-06-18 20:02:00,@stephane906,"franchement j'ai goûté hier, franchement cé propre voilà ❤️",8,
C002482,TikTok,2026-06-21 08:14:00,@fatou421,c'est sucré comment ? il y a du sucre ajouté ?,2,
C002485,TikTok,2026-06-21 20:33:00,@chris953,"C'EST ENJAILLANT, NO DRAP RÉPONDEZ SVP",0,
C002495,TikTok,2026-06-22 19:47:00,@serge653,Bonjour,1,
C002498,TikTok,2026-06-22 08:59:00,@didi623,eh on dit quoi pour la promo ? dèh à Plateau,3,
C002499,TikTok,2026-06-22 19:59:00,@aya143,"j'ai vu chez @miss_abj_lifestyle, je viens voir ki est comme moi ? à Riviera 3",3,
C002505,TikTok,2026-06-23 13:26:00,@yao469,"qualité au top, continuez comme ça 💪 répondez svp",1,
C002520,Instagram,2026-06-24 20:32:00,@bakary137,"j'ai vu à la radio, j'ai testé, je ne regrette pas voilà à Adjamé",7,
C002563,Instagram,2026-06-28 23:20:00,@kevin469,tchê c'est doux à Yopougon,0,
C002585,Facebook,2026-06-29 20:19:00,@junior490,meilleur bissap d'Abidjan wallah,1,
C002593,Instagram,2026-06-30 10:39:00,@traore605,slt la vidéo TikTok est drôle 😂 s'il vous plaît,0,
C002595,Facebook,2026-06-30 11:26:00,@awa_191,LA PUB PENDANT LE MATCH ÉTAIT BIEN PLACÉE À KOUMASSI,10,
C002596,Instagram,2026-06-30 09:25:00,@rita970,à 1500 francs le litre c'est chaud pour nous à Treichville,6,
C002601,TikTok,2026-06-30 07:21:00,@mariam599,bon mes enfants adorent le bissap Awalé,1,
C002609,Instagram,2026-06-15 10:15:00,@aicha_159,"j'ai goûté hier, franchement c'est propre",8,
C002615,Instagram,2026-05-06 13:51:00,@junior430,Bjr le prix a encore monté ? qui est comme moi ?,2,
C002649,Facebook,2026-01-04 23:16:00,@awa_638,le 33cl à 500 c'est correct mais le 1L non,3,
C002679,Instagram,2026-01-24 22:14:00,@kone.227,concurrence est moins chère hein à Adjamé,2,
C002685,Facebook,2026-02-14 11:14:00,@abou159,le bouye est doux paa 😋 ooh,10,
C002690,TikTok,2026-04-02 11:51:00,@awa_798,"franchement j'ai fait 3 boutiques, rien dèh",1,
C002715,Instagram,2026-03-10 15:46:00,@kone.763,c'est trop bon le bissap Awalé 😍 😍,3,
C002718,Facebook,2026-03-06 12:35:00,@fatou670,"Perte de poids en 7 jours, DM 💊",2,
C002730,TikTok,2026-02-07 10:44:00,@mariam77,tchê c'est doux mdr à Plateau...,4,
C002753,Facebook,2026-02-20 22:35:00,@bakary869,pareil chez moi,12,C000741
C002754,Facebook,2026-06-29 20:19:00,@kevin196,non c'est faux hein,2,C002585
C002775,TikTok,2026-06-14 07:52:00,@mariam780,+1,10,C002749
C002807,Instagram,2026-05-20 20:06:00,@junior415,exact !,7,C002040
C000038,Facebook,2026-01-03 23:30:00,@ibrahim226,vous livrez à Bingerville ? à Abobo,1,
C000051,Facebook,2026-01-04 08:46:00,@serge729,hey le stand hier à Cocody 🔥 dégustation top à Yopougon,10,
C000069,Instagram,2026-01-06 21:03:00,@mariam145,mes enfants adorent le bissap Awalé à Marcory 😒,3,
C000102,TikTok,2026-01-08 18:29:00,@abou363,PRÊT D'ARGENT RAPIDE SANS GARANTIE contactez,29,
C000117,Facebook,2026-01-09 12:05:00,@fatou175,le bouye est doux paa 😋,19,
C000118,Instagram,2026-01-09 23:45:00,@awa_997,"j'ai vu à la radio, j'ai testé, je ne regrette pas 🥤",3,
C000164,Instagram,2026-01-13 18:58:00,@didi329,le 33cl est parfait pour le bureau 👌 à Koumassi,3,
C000173,TikTok,2026-01-13 09:45:00,@kone.569,Vends iPhone 13 neuf 07 00 00 00 00,0,
C000183,Instagram,2026-01-14 07:10:00,@bakary182,GAGNEZ 500.000F CLIQUEZ ICI 👉 bit.ly/xxxx,0,
C000216,Instagram,2026-01-16 16:58:00,@kone.991,mon frère c'est cher dèh à Port-Bouët,18,
C000229,Instagram,2026-01-17 16:36:00,@rita197,GAGNEZ 500.000F CLIQUEZ ICI 👉 bit.ly/xxxx,1,
C000246,Instagram,2026-01-19 11:17:00,@nadege952,livraison nickel merci à Treichville,0,
C000273,Instagram,2026-01-21 19:52:00,@junior943,PRÊT D'ARGENT RAPIDE SANS GARANTIE contactez,5,
C000292,TikTok,2026-01-22 09:49:00,@aya262,GAGNEZ 500.000F CLIQUEZ ICI 👉 bit.ly/xxxx,3,
C000299,Facebook,2026-01-23 07:12:00,@stephane395,les diabétiques peuvent boire ? ooh...,1,
C000301,Instagram,2026-01-23 13:59:00,@serge12,mais la vidéo TikTok est drôle 😂 🙏 💪,1,
C000306,Facebook,2026-01-23 13:41:00,@mariam958,"c'est enjaillant, no drap",3,
C000310,Facebook,2026-01-24 15:59:00,@abou61,le 33cl est parfait pour le bureau 👌 ??,3,
C000331,Instagram,2026-01-25 07:31:00,@traore88,trop cher pour la qualité désolé dèh,7,
C000346,Instagram,2026-01-26 21:35:00,@yao290,"je prends 2 bouteilles chaque soir, top 😍",10,
C000351,Facebook,2026-01-26 23:15:00,@traore640,le gingembre est enjaillant dèh 🔥,4,
C000393,Facebook,2026-01-29 22:39:00,@abou980,vs avez une version sans sucre ? à Bingerville,3,
C000407,Facebook,2026-01-29 18:35:00,@abou808,prévoyez des packs de 6 pour les familles,0,
C000414,Facebook,2026-01-30 23:31:00,@mimi116,votre stand à Yopougon était bien organisé,5,
C000437,Facebook,2026-02-01 16:30:00,@junior14,les diabétiques peuvent boire ?,7,
C000438,TikTok,2026-02-01 18:33:00,@junior519,belle campagne pour la CAN 🇨🇮,3,
C000456,Facebook,2026-02-02 13:17:00,@bakary315,meilleur bissap d'Abidjan wallah,1,
C000458,TikTok,2026-02-02 23:12:00,@didi63,"Formation trading gratuite, écris moi",0,
C000459,TikTok,2026-02-02 11:08:00,@bakary586,le nouveau packaging est joli 😍 à Yopougon,11,
C000473,Instagram,2026-02-03 16:24:00,@nadege627,y  a pas au maquis de Yopougon à Cocody 😂,3,
C000493,Facebook,2026-02-04 17:38:00,@traore197,la vidéo TikTok est drôle 😂,4,
C000503,TikTok,2026-02-05 17:33:00,@aya140,"j'ai goûté hier, franchement c'est propre ❤️",1,
C000523,Facebook,2026-02-06 10:08:00,@mariam451,livraison nickel merci,8,
C000554,Instagram,2026-02-08 21:38:00,@serge936,livraison nickel merci,0,
C000555,TikTok,2026-02-08 22:53:00,@mimi180,👍,0,
C000565,TikTok,2026-02-09 14:30:00,@awa_109,"je prends 2 bouteilles chaque soir, top 😍",1,
C000588,Instagram,2026-02-10 21:21:00,@didi878,"c'est enjaillant, no drap ooh",2,
C000595,Facebook,2026-02-11 11:57:00,@abou629,on  peut payer par Wave ? 😍,5,
C000609,Facebook,2026-02-12 13:09:00,@junior205,1500 c'est trop cher hein 😩 ooh,5,
C000666,Facebook,2026-02-15 07:12:00,@ibrahim441,"j'ai vu à la radio, j'ai testé, je ne regrette pas ??",8,
C000687,TikTok,2026-02-16 11:10:00,@aicha_376,pourquoi il n'y a plus rien en rayon ? s'il vous plaît 🥤,6,
C000713,Instagram,2026-02-18 14:36:00,@aya271,le 33cl est parfait pour le bureau 👌 😩!!!,0,
C000744,Facebook,2026-02-20 08:48:00,@aya73,"svp cherché partout hier, introuvable 🙏 😒",2,
C000763,Instagram,2026-02-21 21:18:00,@didi695,arrêtez les pubs trop répétitives svp 🇨🇮!!!,2,
C000807,Instagram,2026-02-23 16:55:00,@mariam697,"c'est frais et pas trop sucré, merci répondez svp",11,
C000823,Instagram,2026-02-23 07:27:00,@stephane315,le bouye est doux paa 😋,0,
C000830,Facebook,2026-02-24 17:45:00,@chris419,sincèrement stock fini à Marcory zone 4,0,
C000838,TikTok,2026-02-25 09:51:00,@yao835,"j'ai vu à la radio, j'ai testé, je ne regrette pas ❤️",5,
C000865,Facebook,2026-02-27 09:28:00,@stephane617,bon vous avez une version sans sucre ? voilà à Adjamé...,11,
C000874,Instagram,2026-02-27 16:11:00,@aya298,"j'ai goûté hier, franchement c'est propre à Angré",4,
C000876,Instagram,2026-02-27 11:54:00,@aicha_409,PRÊT D'ARGENT RAPIDE SANS GARANTIE contactez,3,
C000880,Facebook,2026-02-27 18:39:00,@fatou638,the hibiscus one is great 🙏,3,
C000895,Instagram,2026-03-01 10:46:00,@mimi96,le gingembre est enjaillant dèh 🔥 à Koumassi ??,1,
C000906,Instagram,2026-03-02 19:07:00,@rita189,la pub pendant le match était bien placée,0,
C000936,TikTok,2026-03-03 12:01:00,@traore53,quels sont les conservateurs dedans ? ooh,1,
C000977,TikTok,2026-03-06 12:17:00,@kone.303,"commande passée depuis 3h, toujours rien à Yopougon",17,
C000982,Facebook,2026-03-07 20:54:00,@awa_883,"j'ai vu à la radio, j'ai testé, je ne regrette pas!!",1,
C001009,Instagram,2026-03-08 14:45:00,@nadege799,prévoyez des packs de 6 pour les familles,3,
C001012,Facebook,2026-03-09 21:11:00,@chris498,mes enfants adorent le bissap Awalé!!!,0,
C001016,Instagram,2026-03-09 16:32:00,@rita206,le gingembre est enjaillant dèh 🔥,1,
C001019,Instagram,2026-03-09 17:39:00,@chris88,faites un format 2L svp à Abobo,5,
C001026,Facebook,2026-03-10 09:22:00,@bakary38,le gingembre est enjaillant dèh 🔥 🙏,13,
C001032,Instagram,2026-03-10 15:46:00,@kone.763,c'est trop bon le bissap Awalé 😍 😍,3,
C001055,Instagram,2026-03-11 18:05:00,@rita879,diminuez le prix on va acheter plus,4,
C001084,Instagram,2026-03-13 16:08:00,@kone.989,concurrence est moins chère hein à Yopougon,7,
C001096,Facebook,2026-03-13 18:44:00,@mimi79,do you ship to Grand-Bassam?,3,
C001127,TikTok,2026-03-16 21:16:00,@stephane452,where can I buy this in Abidjan? 🙏,15,
C001149,Instagram,2026-03-17 07:12:00,@mimi864,c'est trop bon le bissap Awalé 😍 🇨🇮...,11,
C001151,Facebook,2026-03-17 18:35:00,@serge969,Bjr le 33cl est parfait pour le bureau 👌 à Bingerville,0,
C001152,Facebook,2026-03-17 23:58:00,@stephane338,Abonne toi à ma page ❤️,1,
C001162,Instagram,2026-03-18 09:13:00,@mariam868,faites un format 2L svp,0,
C001177,Facebook,2026-03-19 13:38:00,@mariam292,le bouye est doux paa 😋,7,
C001180,Instagram,2026-03-19 19:32:00,@yao149,hey le 33cl est parfait pour le bureau 👌,2,
C001193,TikTok,2026-03-20 11:37:00,@mariam756,svp mettez dans les supermarchés de Cocody hein,8,
C001211,Facebook,2026-03-21 18:35:00,@mimi689,"j'ai vu chez @miss_abj_lifestyle, je viens voir à Adjamé",5,
C001222,Instagram,2026-03-21 16:50:00,@yao325,"j'ai vu à la radio, j'ai testé, je ne regrette pas",6,
C001228,Facebook,2026-03-22 07:06:00,@serge53,c'est trop bon le bissap Awalé 😍 dèh,6,
C001256,Facebook,2026-03-24 09:13:00,@aya322,sincèrement  diminuez le prix on va acheter plus à Bingerville,0,
C001272,TikTok,2026-03-25 23:55:00,@didi338,la vidéo TikTok est drôle 😂,6,
C001289,TikTok,2026-03-26 08:22:00,@bakary513,prévoyez des packs de 6 pour les familles ooh 🇨🇮,20,
C001290,Instagram,2026-03-26 07:57:00,@junior258,LE GINGEMBRE EST ENJAILLANT DÈH 🔥...,8,
C001301,TikTok,2026-03-27 12:01:00,@stephane625,LE 33CL EST PARFAIT POUR LE BUREAU 👌 À YOPOUGON,8,
C001320,TikTok,2026-03-28 20:31:00,@awa_808,la pub pendant le match était bien placée svp 👌,1,
C001326,Facebook,2026-03-29 11:17:00,@bakary9,"j'ai vu à la radio, j'ai testé, je ne regrette pas mdr",1,
C001346,Instagram,2026-03-30 09:48:00,@chris855,🔥🔥🔥,13,
C001357,Facebook,2026-03-30 11:27:00,@bakary619,la vidéo TikTok est drôle 😂 à Abobo,7,
C001407,TikTok,2026-04-03 22:43:00,@mimi783,Suis moi je te suis 🔙,5,
C001428,Instagram,2026-04-05 17:44:00,@aicha_567,"j'ai vu chez @miss_abj_lifestyle, je viens voir à Marcory",4,
C001429,Instagram,2026-04-05 18:23:00,@aya608,stock fini à Marcory zone 4,4,
C001443,Facebook,2026-04-06 08:35:00,@traore830,le prix a encore monté ? svp,1,
C001457,TikTok,2026-04-07 23:41:00,@didi321,le prix a encore monté ?,4,
C001481,Instagram,2026-04-09 22:06:00,@yao558,1500 c'est trop cher hein 😩 à Riviera 3,1,
C001502,TikTok,2026-04-10 11:15:00,@bakary975,le nouveau packaging est joli 😍,4,
C001506,TikTok,2026-04-10 18:43:00,@didi484,"cherché partout hier, introuvable hein à Yopougon",6,
C001508,Instagram,2026-04-10 23:43:00,@aicha_100,livraison  trop lente 😒,0,
C001525,Facebook,2026-04-11 18:16:00,@mimi849,trop cher pour la qualité désolé,4,
C001536,Facebook,2026-04-12 23:58:00,@rita695,svp mettez dans les supermarchés de Cocody,13,
C001555,TikTok,2026-04-13 14:36:00,@kevin45,prévoyez des packs de 6 pour les familles,6,
C001572,Facebook,2026-04-15 18:39:00,@rita991,où on trouve à Treichville ?,7,
C001581,Instagram,2026-04-15 23:36:00,@abou192,franchement y a pas au maquis de Yopougon à Bingerville,5,
C001594,Facebook,2026-04-16 12:28:00,@traore927,"@awale_ci vraiment bravo, c'est bien fait",2,
C001623,Facebook,2026-04-18 12:45:00,@junior562,"j'ai fait 3 boutiques, rien!!",2,
C001645,Facebook,2026-04-20 20:54:00,@serge64,"qualité au top, continuez comme ça 💪 😩",19,
C001646,Instagram,2026-04-20 20:27:00,@yao111,arrêtez les pubs trop répétitives svp à Treichville 🥤,3,
C001657,Instagram,2026-04-20 11:08:00,@didi89,svp mettez dans les supermarchés de Cocody hein,1,
C001662,TikTok,2026-04-21 13:27:00,@chris123,MAIS TCHÊ C'EST DOUX OOH,0,
C001699,Facebook,2026-04-25 16:38:00,@rita440,"mais j'ai fait 3 boutiques, rien ??",0,
C001716,TikTok,2026-04-26 10:14:00,@abou718,on ne trouve plus 😭 c'est fini ? ??,11,
C001753,TikTok,2026-04-28 13:31:00,@stephane639,rupture partout à Angré depuis 2 semaines 😤,14,
C001772,Facebook,2026-04-29 09:38:00,@yao126,"qualité au top, continuez comme ça 💪 😒",0,
C001774,Instagram,2026-04-30 08:14:00,@traore766,svp mettez dans les supermarchés de Cocody répondez svp à Riviera 3,3,
C001779,Instagram,2026-04-30 18:06:00,@fatou906,"cherché partout hier, introuvable",2,
C001782,Facebook,2026-04-30 13:55:00,@chris9,"Formation trading gratuite, écris moi",0,
C001783,Instagram,2026-04-30 17:38:00,@abou439,hey concurrence est moins chère hein,1,
C001792,TikTok,2026-05-01 07:09:00,@aicha_252,svp le 33cl est parfait pour le bureau 👌 svp,1,
C001818,Instagram,2026-05-03 18:02:00,@bakary741,"j'ai fait 3 boutiques, rien dèh à Treichville 😋",12,
C001819,Instagram,2026-05-03 14:57:00,@abou879,Bjr stock fini à Marcory zone 4 à Treichville 😩,2,
C001821,Facebook,2026-05-03 17:27:00,@rita360,vous livrez à Bingerville ?,11,
C001848,Facebook,2026-05-05 07:40:00,@kone.728,slt kpakpato va parler mais c'est bon 😂,4,
C001852,Instagram,2026-05-06 20:27:00,@mimi917,bonjour on ne trouve plus 😭 c'est fini ? à Abobo,0,
C001871,TikTok,2026-05-07 15:30:00,@rita938,mais c'est trop bon le bissap Awalé 😍 à Plateau,8,
C001907,Facebook,2026-05-10 13:26:00,@didi496,slt  stock fini à Marcory zone 4 à Angré 😋,4,
C001934,TikTok,2026-05-12 09:26:00,@kevin108,svp mettez dans les supermarchés de Cocody,2,
C001954,Facebook,2026-05-13 16:57:00,@mimi878,faut baisser le prix ooh,10,
C001961,Facebook,2026-05-14 09:54:00,@mimi835,Boostez vos followers 📈 DM,0,
C001977,Facebook,2026-05-15 17:48:00,@bakary105,meilleur bissap d'Abidjan wallah voilà à Adjamé 👌 ??,0,
C001980,Facebook,2026-05-15 14:06:00,@bakary572,où on trouve à Treichville ? répondez svp,3,
C002021,TikTok,2026-05-18 19:09:00,@junior710,on ne trouve plus 😭 c'est fini ? qui est comme moi ? à Koumassi,3,
C002055,Facebook,2026-05-21 14:52:00,@kone.963,1500 c'est trop cher hein 😩 à Treichville,1,
C002080,Facebook,2026-05-23 17:11:00,@didi109,concurrence est moins chère hein,3,
C002081,Facebook,2026-05-23 08:58:00,@traore285,vu votre pub à la radio ce matin 📻,2,
C002095,Instagram,2026-05-24 14:12:00,@kone.196,Suis moi je te suis 🔙,1,
C002107,Instagram,2026-05-25 11:07:00,@traore310,rupture partout à Angré depuis 2 semaines 😤 😂,1,
C002110,Facebook,2026-05-25 13:08:00,@chris18,le gingembre est enjaillant dèh 🔥 à Plateau,3,
C002119,Facebook,2026-05-26 12:10:00,@stephane411,vu votre pub à la radio ce matin 📻 répondez svp à Cocody,4,
C002132,Facebook,2026-05-27 17:05:00,@ibrahim47,mon frère c'est cher dèh,2,
C002191,Facebook,2026-06-01 19:31:00,@junior62,"c'est frais et pas trop sucré, merci",4,
C002204,Instagram,2026-06-02 08:51:00,@bakary858,à 1500 francs le litre c'est chaud pour nous 💪,3,
C002206,Facebook,2026-06-02 23:23:00,@awa_664,OÙ ON TROUVE À TREICHVILLE ? À BINGERVILLE,3,
C002230,Instagram,2026-06-03 15:30:00,@traore691,"Formation trading gratuite, écris moi",0,
C002238,Facebook,2026-06-04 22:33:00,@aicha_660,vous livrez sur Riviera 3 ? 😩!!,4,
C002250,Facebook,2026-06-05 10:08:00,@traore680,"je prends 2 bouteilles chaque soir, top",1,
C002256,Instagram,2026-06-05 15:03:00,@kevin136,"franchement plus de bissap dans mon quartier, c'est comment ? répondez svp",2,
C002275,Facebook,2026-06-07 23:51:00,@aya121,vous livrez à Bingerville ? mdr 😩,2,
C002281,TikTok,2026-06-07 16:03:00,@mimi742,GAGNEZ 500.000F CLIQUEZ ICI 👉 bit.ly/xxxx,7,
C002314,Facebook,2026-06-10 07:04:00,@fatou213,la vidéo TikTok est drôle 😂 voilà,1,
C002373,Facebook,2026-06-14 17:12:00,@stephane490,👍,10,
C002475,Facebook,2026-06-21 14:46:00,@chris466,"VRAIMENT BRAVO, C'EST BIEN FAIT 😩",8,
C002492,TikTok,2026-06-22 17:31:00,@mariam408,vu votre pub à la radio ce matin 📻 à Port-Bouët,3,
C002509,Facebook,2026-06-23 18:38:00,@stephane611,franchement quels sont les conservateurs dedans ?,1,
C002547,Facebook,2026-06-26 23:59:00,@serge698,le prix a encore monté ? svp,10,
C002548,TikTok,2026-06-27 15:30:00,@aya93,livraison nickel merci,11,
C002550,Facebook,2026-06-27 10:06:00,@stephane803,mes  enfants adorent le bissap Awalé,2,
C002559,Instagram,2026-06-27 13:35:00,@aicha_785,"Formation trading gratuite, écris moi",1,
C002564,TikTok,2026-06-28 17:30:00,@nadege248,"c'est frais et pas trop sucré, merci",3,
C002578,Instagram,2026-06-29 14:12:00,@abou175,vous livrez à Bingerville ?,5,
C002600,TikTok,2026-06-30 09:53:00,@kone.417,"vraiment bravo, cé bien fait 😋",1,
C002645,Instagram,2026-04-01 16:22:00,@fatou816,le gingembre est enjaillant dèh 🔥 🙏,6,
C002697,Instagram,2026-03-23 17:13:00,@aya79,le gingembre est enjaillant dèh 🔥 qui est comme moi ?,0,
C002710,TikTok,2026-06-11 07:10:00,@junior262,prévoyez des packs de 6 pour les familles,1,
C002741,TikTok,2026-03-30 17:52:00,@bakary638,"j'ai commandé sur WhatsApp, arrivé rapide 👍 à Treichville",19,
C002774,Instagram,2026-01-28 08:50:00,@rita449,merci pour l'info,11,C000374
C002776,Facebook,2026-03-13 20:48:00,@kevin191,pareil chez moi,1,C001088
C002829,Facebook,2026-02-22 09:09:00,@kevin341,je confirme,12,C000785
C000001,Instagram,2026-01-01 16:41:00,@fatou757,où on trouve à Treichville ? 😒!!!,4,
C000005,Facebook,2026-01-01 23:32:00,@awa_44,@awale_ci le livreur ne répond pas à Adjamé,1,
C000032,Instagram,2026-01-03 13:25:00,@kevin503,arrêtez les pubs trop répétitives svp,1,
C000043,TikTok,2026-01-04 18:26:00,@yao425,le 33cl est parfait pour le bureau 👌,2,
C000055,Facebook,2026-01-04 23:00:00,@awa_259,les diabétiques peuvent boire ?!!!,10,
C000070,Facebook,2026-01-06 11:44:00,@mariam533,"c'est frais et pas trop sucré, merci",6,
C000074,Instagram,2026-01-06 17:27:00,@serge922,y a pas au maquis de Yopougon ??,4,
C000076,Instagram,2026-01-06 23:27:00,@mimi893,Vends iPhone 13 neuf 07 00 00 00 00,2,
C000079,Instagram,2026-01-06 13:39:00,@aya855,"c'est frais et pas trop sucré, merci svp",3,
C000083,Instagram,2026-01-07 19:03:00,@bakary414,mon frère c'est cher dèh,1,
C000084,Instagram,2026-01-07 16:29:00,@kevin915,Vends iPhone 13 neuf 07 00 00 00 00,2,
C000188,Instagram,2026-01-14 14:55:00,@serge201,🔥🔥🔥,10,
C000196,TikTok,2026-01-15 11:38:00,@nadege339,meilleur bissap d'Abidjan wallah 😋,1,
C000223,TikTok,2026-01-17 14:46:00,@bakary147,livraison nickel merci à Angré 🥤,1,
C000231,Facebook,2026-01-18 13:48:00,@bakary94,COMMANDE ANNULÉE SANS EXPLICATION,0,
C000232,Instagram,2026-01-18 17:03:00,@serge332,"Perte de poids en 7 jours, DM 💊",1,
C000277,Instagram,2026-01-21 10:19:00,@fatou469,vu votre pub à la radio ce matin 📻 hein,10,
C000280,Facebook,2026-01-22 23:34:00,@yao107,livraison nickel merci,3,
C000313,Instagram,2026-01-24 22:14:00,@kone.227,concurrence est moins chère hein à Adjamé,2,
C000334,TikTok,2026-01-25 22:03:00,@bakary125,BON VOTRE STAND À YOPOUGON ÉTAIT BIEN ORGANISÉ À ANGRÉ,3,
C000336,Instagram,2026-01-25 23:57:00,@aicha_290,"j'ai vu chez @miss_abj_lifestyle, je viens voir à Plateau",17,
C000340,Facebook,2026-01-25 10:06:00,@mariam283,faites un format 2L svp!!!,7,
C000345,Instagram,2026-01-26 23:42:00,@bakary328,on dit quoi pour la promo ? s'il vous plaît 😍,5,
C000371,TikTok,2026-01-28 15:43:00,@bakary345,vous avez une version sans sucre ?,6,
C000374,Instagram,2026-01-28 08:50:00,@aicha_338,vous avez une version sans sucre ?,5,
C000409,Facebook,2026-01-30 07:56:00,@mimi956,c'est sucré comment ? il y a du sucre ajouté ?,2,
C000417,Instagram,2026-01-30 22:55:00,@aicha_484,1500  c'est trop cher hein 😩 qui est comme moi ? à Bingerville,7,
C000445,Facebook,2026-02-01 16:03:00,@kone.621,Abonne toi à ma page ❤️,4,
C000464,TikTok,2026-02-02 12:36:00,@ibrahim444,"j'ai commandé sur WhatsApp, arrivé rapide 👍",2,
C000483,Facebook,2026-02-04 21:58:00,@fatou501,votre stand à Yopougon était bien organisé,0,
C000495,Instagram,2026-02-04 15:10:00,@rita899,c'est  trop bon le bissap Awalé 😍 hein,8,
C000500,Instagram,2026-02-04 22:59:00,@nadege765,is it available in supermarkets?,3,
C000501,TikTok,2026-02-04 19:05:00,@aya732,Suis moi je te suis 🔙,3,
C000509,Instagram,2026-02-05 15:45:00,@mimi188,wê on veut le gingembre 😂,1,
C000512,Facebook,2026-02-05 07:40:00,@yao134,sincèrement  vu votre pub à la radio ce matin 📻,10,
C000545,Facebook,2026-02-07 18:38:00,@kevin232,la bouteille fuit un peu,3,
C000576,Facebook,2026-02-09 15:19:00,@abou386,LA BOUTEILLE FUIT UN PEU,4,
C000608,Facebook,2026-02-12 12:14:00,@traore453,svp c'est trop bon le bissap Awalé 😍,0,
C000625,Instagram,2026-02-13 13:03:00,@mimi590,GAGNEZ 500.000F CLIQUEZ ICI 👉 bit.ly/xxxx,5,
C000636,Facebook,2026-02-13 12:46:00,@aicha_359,"cé frais et pas trop sucré, merci répondez svp",1,
C000672,Instagram,2026-02-16 09:55:00,@fatou604,slt belle campagne pour la CAN 🇨🇮,4,
C000684,Facebook,2026-02-16 20:35:00,@awa_119,"Perte de poids en 7 jours, DM 💊",0,
C000691,Facebook,2026-02-17 07:51:00,@kevin780,any sugar-free option? svp à Adjamé,3,
C000692,Facebook,2026-02-17 17:45:00,@stephane165,vous livrez à Bingerville ? 🙏 à Bingerville,8,
C000708,Facebook,2026-02-18 21:35:00,@kevin985,le 33cl est parfait pour le bureau 👌,4,
C000738,TikTok,2026-02-19 22:10:00,@kevin278,y a pas drap avec Awalé à Angré 😒,9,
C000770,Instagram,2026-02-21 14:02:00,@mimi834,le bouchon est difficile à ouvrir mdr à Adjamé,1,
C000778,Instagram,2026-02-22 19:01:00,@ibrahim984,faut mettre à Adjamé aussi ooh,0,
C000803,TikTok,2026-02-23 07:13:00,@kevin645,"bon j'ai commandé sur WhatsApp, arrivé rapide 👍 😍",0,
C000836,Instagram,2026-02-25 20:46:00,@didi354,livraison nickel merci à Plateau,10,
C000846,Instagram,2026-02-25 10:00:00,@chris438,"slt kalité au top, continuez comme ça 💪 à Adjamé",0,
C000847,TikTok,2026-02-25 21:44:00,@kone.342,on dit quoi pour la promo ? dèh 💪,4,
C000855,Instagram,2026-02-26 18:31:00,@nadege847,faites un format 2L svp s'il vous plaît,1,
C000860,TikTok,2026-02-26 13:30:00,@serge399,faut baisser le prix ooh,1,
C000867,Instagram,2026-02-27 21:46:00,@awa_430,"qualité au top, continuez comme ça 💪 ooh",2,
C000894,TikTok,2026-03-01 22:44:00,@nadege953,"j'ai vu chez @miss_abj_lifestyle, je viens voir",0,
C000901,Facebook,2026-03-01 23:34:00,@nadege806,"c'est enjaillant, no drap",4,
C000919,Instagram,2026-03-03 14:51:00,@awa_449,svp le 33cl est parfait pour le bureau 👌,1,
C000941,Facebook,2026-03-04 08:17:00,@fatou863,"Perte de poids en 7 jours, DM 💊",11,
C000951,TikTok,2026-03-04 22:37:00,@bakary275,where can I buy this in Abidjan?,0,
C000957,Instagram,2026-03-05 12:11:00,@traore189,vous avez une version sans sucre ? 👏,1,
C000985,Facebook,2026-03-07 14:58:00,@serge932,on peut payer par Wave ? svp,0,
C000986,Instagram,2026-03-07 07:10:00,@junior924,do you ship to Grand-Bassam? à Plateau,1,
C000994,Instagram,2026-03-07 21:39:00,@nadege741,le 33cl à 500 c'est correct mais le 1L non à Plateau,1,
C000997,Facebook,2026-03-08 14:39:00,@serge281,"PLUS DE BISSAP DANS MON QUARTIER, C'EST COMMENT ?",0,
C001002,Instagram,2026-03-08 07:15:00,@bakary777,on ne trouve plus 😭 c'est fini ? à Adjamé,13,
C001010,Facebook,2026-03-09 12:23:00,@mariam123,l'étiquette se décolle au frigo qui est comme moi ? 🙏,1,
C001027,Facebook,2026-03-10 13:07:00,@stephane318,hey livraison trop lente 😒 😍,5,
C001040,TikTok,2026-03-10 15:55:00,@kone.25,on ne trouve plus 😭 c'est fini ?,3,
C001046,TikTok,2026-03-11 23:28:00,@kevin94,on  peut payer par Wave ?,7,
C001049,Instagram,2026-03-11 19:37:00,@kone.701,svp stock fini à Marcory zone 4,4,
C001062,Instagram,2026-03-12 11:26:00,@awa_706,Bonjour,2,
C001077,Instagram,2026-03-12 22:23:00,@rita737,"je prends 2 bouteilles chaque soir, top",2,
C001085,Instagram,2026-03-13 07:22:00,@kone.573,"Perte de poids en 7 jours, DM 💊",4,
C001100,Facebook,2026-03-14 09:01:00,@rita274,👍,3,
C001112,Instagram,2026-03-15 11:35:00,@serge967,"commande passée depuis 3h, toujours rien à Abobo",7,
C001125,Instagram,2026-03-16 10:23:00,@yao475,le bouye est doux paa 😋 🇨🇮,8,
C001135,Instagram,2026-03-16 14:53:00,@kevin86,mon frère c'est cher dèh,18,
C001136,Instagram,2026-03-16 19:02:00,@didi770,la pub pendant le match était bien placée à Yopougon,1,
C001157,TikTok,2026-03-17 19:09:00,@bakary240,"cherché partout hier, introuvable 😂",4,
C001191,Facebook,2026-03-20 09:37:00,@yao256,sincèrement pourquoi il n'y a plus rien en rayon ? répondez svp 🥤,4,
C001197,Instagram,2026-03-20 08:51:00,@stephane159,Bjr stock fini à Marcory zone 4 à Yopougon,2,
C001198,TikTok,2026-03-20 12:24:00,@aya186,pourquoi il n'y a plus rien en rayon ? répondez svp,10,
C001205,Instagram,2026-03-21 21:53:00,@awa_276,hey faut baisser le prix ooh à Koumassi 👏...,1,
C001227,Facebook,2026-03-22 12:34:00,@kevin388,vu votre pub à la radio ce matin 📻 à Port-Bouët,0,
C001258,Facebook,2026-03-24 21:58:00,@fatou410,"je prends 2 bouteilles chaque soir, top ❤️",0,
C001261,Facebook,2026-03-24 21:49:00,@kevin72,"qualité au top, continuez comme ça 💪",1,
C001274,Instagram,2026-03-25 11:50:00,@awa_309,"J'AI GOÛTÉ HIER, FRANCHEMENT C'EST PROPRE 🔥",1,
C001282,TikTok,2026-03-26 18:42:00,@mimi612,mes enfants adorent le bissap Awalé 😂,2,
C001327,TikTok,2026-03-29 20:30:00,@kevin304,"j'ai goûté hier, franchement c'est propre svp 🇨🇮",0,
C001338,Instagram,2026-03-29 19:08:00,@fatou442,BON L'ÉTIQUETTE SE DÉCOLLE AU FRIGO HEIN,4,
C001352,TikTok,2026-03-30 11:54:00,@junior372,le gingembre est enjaillant dèh 🔥 mdr 🇨🇮,2,
C001380,Facebook,2026-04-01 18:12:00,@bakary355,"cherché partout hier, introuvable à Abobo",0,
C001381,TikTok,2026-04-01 15:11:00,@didi937,le bouye est doux paa 😋 voilà 👏,13,
C001396,TikTok,2026-04-03 13:22:00,@chris763,"JE PRENDS 2 BOUTEILLES CHAQUE SOIR, TOP",3,
C001419,Facebook,2026-04-04 21:40:00,@kevin185,eh rupture partout à Angré depuis 2 semaines 😤 à Plateau,2,
C001426,Facebook,2026-04-05 13:14:00,@chris163,hey  le 33cl à 500 c'est correct mais le 1L non,6,
C001432,Instagram,2026-04-05 15:06:00,@ibrahim315,"j'ai fait 3 boutiques, rien",3,
C001444,Instagram,2026-04-06 10:59:00,@ibrahim828,"cherché  partout hier, introuvable",2,
C001448,Instagram,2026-04-06 13:54:00,@kevin574,où on trouve à Treichville ?,0,
C001454,Instagram,2026-04-07 20:50:00,@mariam136,"j'ai vu à la radio, j'ai testé, je ne regrette pas dèh à Cocody ❤️",1,
C001472,Facebook,2026-04-08 22:45:00,@stephane800,Bonjour,5,
C001497,Facebook,2026-04-10 20:38:00,@awa_736,Vends iPhone 13 neuf 07 00 00 00 00,3,
C001516,TikTok,2026-04-11 22:39:00,@kevin544,"mais plus de bissap dans mon quartier, c'est comment ? à Plateau",3,
C001524,Instagram,2026-04-11 13:44:00,@stephane545,"j'ai fait 3 boutiques, rien",2,
C001540,TikTok,2026-04-12 11:52:00,@nadege465,bonjour stock fini à Marcory zone 4,3,
C001550,Facebook,2026-04-13 17:52:00,@junior487,pourkoi il n'y a plus rien en rayon ?,11,
C001563,TikTok,2026-04-14 15:19:00,@rita217,le prix a encore monté ?,11,
C001577,Facebook,2026-04-15 21:55:00,@serge582,pourquoi il n'y a plus rien en rayon ?,1,
C001665,TikTok,2026-04-21 11:04:00,@aicha_814,où on trouve à Treichville ?,1,
C001711,Instagram,2026-04-25 22:55:00,@aicha_218,franchement wê on veut le gingembre,0,
C001715,Instagram,2026-04-26 07:32:00,@abou864,votre stand à Yopougon était bien organisé,5,
C001726,Facebook,2026-04-26 07:20:00,@aya69,mais faut mettre à Adjamé aussi ooh,0,
C001727,Instagram,2026-04-26 22:24:00,@stephane971,hey arrêtez les pubs trop répétitives svp à Abobo,3,
C001732,Instagram,2026-04-27 18:03:00,@kone.262,"commande passée depuis 3h, toujours rien 👌",12,
C001743,Instagram,2026-04-27 19:27:00,@abou810,RUPTURE  PARTOUT À ANGRÉ DEPUIS 2 SEMAINES 😤,1,
C001752,TikTok,2026-04-28 14:45:00,@bakary279,❤️❤️❤️,12,
C001775,Facebook,2026-04-30 23:20:00,@kevin35,Suis moi je te suis 🔙,2,
C001776,Facebook,2026-04-30 18:32:00,@serge895,la vidéo TikTok est drôle 😂 🔥!!!,6,
C001849,Facebook,2026-05-05 08:18:00,@fatou306,svp mettez dans les supermarchés de Cocody voilà à Abobo,8,
C001865,TikTok,2026-05-07 23:03:00,@mariam319,"VRAIMENT BRAVO, C'EST BIEN FAIT S'IL VOUS PLAÎT",0,
C001868,Facebook,2026-05-07 10:05:00,@traore525,GAGNEZ 500.000F CLIQUEZ ICI 👉 bit.ly/xxxx,1,
C001912,Instagram,2026-05-10 19:41:00,@kone.109,slt stock fini à Marcory zone 4 à Abobo,0,
C001916,TikTok,2026-05-11 18:40:00,@didi471,le 33cl est parfait pour le bureau 👌 🔥,2,
C001918,Instagram,2026-05-11 10:28:00,@kone.167,quels sont les conservateurs dedans ?,10,
C001922,Facebook,2026-05-11 13:06:00,@stephane396,commande annulée sans explication,6,
C001923,Instagram,2026-05-11 21:10:00,@rita655,commande annulée sans explication,1,
C001930,Instagram,2026-05-12 15:19:00,@chris592,the hibiscus one is great,5,
C001940,TikTok,2026-05-12 22:57:00,@mariam368,bonjour le 33cl à 500 c'est correct mais le 1L non,10,
C001975,Facebook,2026-05-15 18:11:00,@fatou947,👍,6,
C002001,Facebook,2026-05-17 22:53:00,@serge830,rupture partout à Angré depuis 2 semaines 😤 🔥!!,9,
C002012,TikTok,2026-05-17 07:13:00,@stephane138,le  gingembre est enjaillant dèh 🔥 répondez svp 👏,0,
C002031,Instagram,2026-05-19 07:40:00,@ibrahim690,les diabétiques peuvent boire ? 🙏,1,
C002050,TikTok,2026-05-21 18:57:00,@kone.883,franchement wê on veut le gingembre,11,
C002059,Facebook,2026-05-22 07:32:00,@yao653,"c'est frais et pas trop sucré, merci!!",3,
C002066,Instagram,2026-05-22 17:39:00,@ibrahim635,"svp c'est frais et pas trop sucré, merci à Abobo",6,
C002083,TikTok,2026-05-23 13:27:00,@awa_378,"sincèrement j'ai fait 3 boutiques, rien à Port-Bouët...",0,
C002089,Instagram,2026-05-24 15:37:00,@rita680,le gingembre est enjaillant dèh 🔥 mdr à Yopougon,7,
C002101,Facebook,2026-05-25 22:40:00,@chris183,la pub pendant le match était bien placée dèh!!!,1,
C002104,Instagram,2026-05-25 13:09:00,@ibrahim407,c'est gbé ça 😎,2,
C002117,Instagram,2026-05-26 14:26:00,@yao443,bon le stand hier à Cocody 🔥 dégustation top!!!,1,
C002139,Facebook,2026-05-28 11:54:00,@ibrahim522,c'est sucré comment ? il y a du sucre ajouté ? hein,13,
C002143,Instagram,2026-05-28 12:44:00,@nadege161,quels sont les conservateurs dedans ? à Plateau,4,
C002150,TikTok,2026-05-29 12:25:00,@aya453,franchement stock fini à Marcory zone 4,1,
C002162,Facebook,2026-05-30 20:20:00,@kone.984,c'est sucré comment ? il y a du sucre ajouté ? merci à Bingerville,1,
C002173,TikTok,2026-05-30 15:40:00,@traore822,"sincèrement j'ai goûté hier, franchement cé propre...",2,
C002176,Instagram,2026-05-31 10:44:00,@kone.957,"j'ai commandé sur WhatsApp, arrivé rapide 👍 🔥",1,
C002179,Instagram,2026-05-31 08:36:00,@junior169,on dit koi pour la promo ?,1,
C002218,Facebook,2026-06-02 12:00:00,@ibrahim379,"j'ai vu à la radio, j'ai testé, je ne regrette pas svp",14,
C002222,TikTok,2026-06-03 07:10:00,@abou571,c'est trop bon le bissap Awalé 😍 svp 🇨🇮,4,
C002243,Facebook,2026-06-04 13:06:00,@kevin921,Boostez vos followers 📈 DM,2,
C002284,Facebook,2026-06-07 15:52:00,@aya530,faites un format 2L svp,8,
C002290,Instagram,2026-06-08 19:15:00,@traore904,faites un format 2L svp à Treichville,1,
C002296,TikTok,2026-06-09 21:03:00,@yao225,les diabétiques peuvent boire ? mdr,4,
C002311,Facebook,2026-06-09 15:40:00,@abou748,le gingembre est enjaillant dèh 🔥 😍,3,
C002348,Instagram,2026-06-12 08:54:00,@ibrahim285,bon  les diabétiques peuvent boire ?,1,
C002354,Facebook,2026-06-13 16:07:00,@chris951,cé gbé ça 😎 🙏,6,
C002426,TikTok,2026-06-17 19:46:00,@mimi219,"j'ai goûté hier, franchement c'est propre s'il vous plaît",2,
C002447,Instagram,2026-06-18 20:17:00,@ibrahim954,franchement on ne trouve plus 😭 c'est fini ? à Koumassi,0,
C002456,Facebook,2026-06-19 14:46:00,@kone.612,Bonjour,9,
C002466,Instagram,2026-06-20 23:54:00,@rita655,les diabétiques peuvent boire ? répondez svp,3,
C002476,TikTok,2026-06-21 19:37:00,@mimi630,commande annulée sans explication voilà à Bingerville,1,
C002477,TikTok,2026-06-21 16:47:00,@kevin743,faut mettre à Adjamé aussi ooh à Yopougon,8,
C002496,Facebook,2026-06-22 08:06:00,@bakary952,eh c'est trop bon le bissap Awalé 😍,1,
C002501,Instagram,2026-06-23 20:59:00,@abou175,🔥🔥🔥,11,
C002508,TikTok,2026-06-23 08:24:00,@bakary653,mes enfants adorent le bissap Awalé 👌,6,
C002511,TikTok,2026-06-23 07:36:00,@kevin210,@awale_ci mes enfants adorent le bissap Awalé 🥤,9,
C002515,TikTok,2026-06-24 09:02:00,@chris774,Suis moi je te suis 🔙,0,
C002554,TikTok,2026-06-27 08:58:00,@fatou983,bonjour is it available in supermarkets? à Yopougon,8,
C002567,Instagram,2026-06-28 20:44:00,@rita729,Boostez vos followers 📈 DM,0,
C002569,TikTok,2026-06-28 08:28:00,@fatou807,Vends iPhone 13 neuf 07 00 00 00 00,2,
C002580,Instagram,2026-06-29 22:08:00,@didi676,le bouye est doux paa 😋 🇨🇮,3,
C002586,Facebook,2026-06-29 07:09:00,@awa_316,la vidéo TikTok est drôle 😂 à Marcory,0,
C002587,Instagram,2026-06-29 14:41:00,@fatou916,"j'ai vu à la radio, j'ai testé, je ne regrette pas répondez svp",5,
C002599,Instagram,2026-06-30 12:50:00,@fatou669,"qualité au top, continuez comme ça 💪 qui est comme moi ?",12,
C002608,TikTok,2026-02-19 20:35:00,@kone.391,vu votre pub à la radio ce matin 📻,4,
C002614,Facebook,2026-01-23 18:16:00,@traore816,sincèrement le bouye est doux paa 😋,7,
C002617,TikTok,2026-02-25 16:30:00,@rita809,VOUS AVEZ UNE VERSION SANS SUCRE ? À YOPOUGON,11,
C002648,TikTok,2026-04-21 17:57:00,@nadege263,"qualité au top, continuez comme ça 💪 😍",2,
C002657,Facebook,2026-06-17 15:37:00,@ibrahim216,svp livraison nickel merci,3,
C002661,Facebook,2026-02-12 13:09:00,@junior205,1500 c'est trop cher hein 😩 ooh,5,
C002671,TikTok,2026-01-23 18:32:00,@mimi9,le gingembre est enjaillant dèh 🔥,2,
C002692,Instagram,2026-03-16 10:23:00,@yao475,le bouye est doux paa 😋 🇨🇮,8,
C002701,Instagram,2026-03-22 16:46:00,@stephane762,vu votre pub à la radio ce matin 📻 à Plateau,4,
C002703,Facebook,2026-05-02 07:05:00,@mariam671,arrêtez les pubs trop répétitives svp 😒!!!,4,
C002707,Facebook,2026-03-16 18:10:00,@fatou367,c'est trop bon le bissap Awalé 😍,3,
C002713,Facebook,2026-06-03 07:40:00,@serge887,@awale_ci cé trop bon le bissap Awalé 😍 hein,23,
C002717,Facebook,2026-06-02 10:08:00,@yao604,faut  baisser le prix ooh,2,
C002719,TikTok,2026-05-24 21:11:00,@kevin489,c'est trop bon le bissap Awalé 😍 ooh,20,
C002724,Facebook,2026-05-22 15:50:00,@aya205,la pub pendant le match était bien placée ooh à Yopougon,1,
C002727,Instagram,2026-03-13 19:00:00,@aya622,hey vu votre pub à la radio ce matin 📻 hein,2,
C002780,Facebook,2026-05-12 08:09:00,@fatou738,exact !,0,C001935
C002787,Instagram,2026-03-02 21:47:00,@fatou847,exact !,10,C000913
C002794,TikTok,2026-02-12 13:28:00,@traore841,merci pour l'info,8,C000620
C002814,TikTok,2026-02-24 08:22:00,@mariam799,pareil chez moi,2,C000832
C002817,TikTok,2026-02-04 17:13:00,@didi200,+1,12,C000485
C002821,Facebook,2026-03-16 20:57:00,@stephane473,pareil chez moi,3,C001130
C000024,Instagram,2026-01-02 21:11:00,@kone.215,@awale_ci la pub pendant le match était bien placée svp,14,
C000088,Facebook,2026-01-07 15:33:00,@yao31,le nouveau packaging est joli 😍,2,
C000097,Facebook,2026-01-08 16:29:00,@nadege235,la vidéo TikTok est drôle 😂,0,
C000124,Instagram,2026-01-10 08:33:00,@kone.566,Vends iPhone 13 neuf 07 00 00 00 00,2,
C000135,Instagram,2026-01-10 07:57:00,@rita681,"c'est frais et pas trop sucré, merci...",2,
C000136,Facebook,2026-01-10 20:18:00,@kevin715,"Perte de poids en 7 jours, DM 💊",0,
C000137,TikTok,2026-01-10 15:31:00,@stephane997,Abonne toi à ma page ❤️,3,
C000170,Instagram,2026-01-13 07:25:00,@mariam193,bonjour le gingembre est enjaillant dèh 🔥,10,
C000177,Facebook,2026-01-14 17:49:00,@fatou683,"j'ai  fait 3 boutiques, rien ooh",12,
C000187,Facebook,2026-01-14 21:56:00,@chris316,commande annulée sans explication 😂,0,
C000214,TikTok,2026-01-16 11:59:00,@stephane653,❤️❤️❤️,1,
C000233,TikTok,2026-01-18 17:00:00,@serge811,sincèrement mon frère c'est cher dèh 👏,0,
C000259,Instagram,2026-01-20 18:56:00,@stephane814,franchement l'étiquette se décolle au frigo à Marcory ❤️!!,2,
C000265,Instagram,2026-01-21 09:49:00,@aya653,svp on dit quoi pour la promo ? à Angré,4,
C000270,Instagram,2026-01-21 20:50:00,@rita560,"vraiment bravo, c'est bien fait",1,
C000271,Instagram,2026-01-21 20:21:00,@abou107,the hibiscus one is great...,0,
C000285,Facebook,2026-01-22 17:13:00,@nadege981,"j'ai vu chez @miss_abj_lifestyle, je viens voir",5,
C000341,Instagram,2026-01-25 15:42:00,@mariam390,bonjour  la bouteille fuit un peu voilà à Treichville,13,
C000369,Facebook,2026-01-27 19:12:00,@junior291,y a pas drap avec Awalé à Adjamé 🙏,3,
C000391,Instagram,2026-01-29 17:25:00,@aya199,franchement c'est sucré comment ? il y a du sucre ajouté ?,9,
C000392,Facebook,2026-01-29 17:30:00,@mimi393,bon 1500 c'est trop cher hein 😩,2,
C000412,Facebook,2026-01-30 10:16:00,@rita839,@awale_ci love the branding 🔥!!,3,
C000419,Instagram,2026-01-30 17:59:00,@yao298,le nouveau packaging est joli 😍 merci,4,
C000451,Instagram,2026-02-02 21:09:00,@mariam17,l'étiquette se décolle au frigo,7,
C000452,Facebook,2026-02-02 18:06:00,@aicha_9,concurrence est moins chère hein,9,
C000479,TikTok,2026-02-03 16:47:00,@fatou163,votre stand à Yopougon était bien organisé à Adjamé,4,
C000499,Facebook,2026-02-04 18:00:00,@stephane967,meilleur bissap d'Abidjan wallah,2,
C000516,TikTok,2026-02-05 12:12:00,@junior852,franchement diminuez le prix on va acheter plus,1,
C000519,Facebook,2026-02-05 12:08:00,@junior345,"c'est frais et pas trop sucré, merci!!!",11,
C000552,TikTok,2026-02-08 16:02:00,@aicha_453,"j'ai goûté hier, franchement cé propre ❤️",7,
C000556,Facebook,2026-02-08 16:23:00,@ibrahim956,y a pas au maquis de Yopougon s'il vous plaît,2,
C000559,Facebook,2026-02-08 22:06:00,@stephane951,eh le 33cl est parfait pour le bureau 👌,4,
C000648,Facebook,2026-02-14 21:15:00,@serge712,"BON PLUS DE BISSAP DANS MON QUARTIER, C'EST COMMENT ? À KOUMASSI",4,
C000660,TikTok,2026-02-15 13:48:00,@rita270,vous livrez à Bingerville ? dèh,6,
C000685,Instagram,2026-02-16 10:44:00,@chris472,❤️❤️❤️,5,
C000710,Instagram,2026-02-18 22:14:00,@aya558,🔥🔥🔥,1,
C000735,Instagram,2026-02-19 07:46:00,@rita629,concurrence est moins chère hein à Koumassi,5,
C000754,Facebook,2026-02-20 21:22:00,@yao195,"J'AI VU CHEZ @MISS_ABJ_LIFESTYLE, JE VIENS VOIR À BINGERVILLE",0,
C000761,TikTok,2026-02-21 15:03:00,@abou464,y a pas drap avec Awalé 💪,2,
C000786,Facebook,2026-02-22 16:31:00,@traore766,c'est trop bon le bissap Awalé 😍,7,
C000796,Instagram,2026-02-22 19:22:00,@junior539,Suis moi je te suis 🔙,12,
C000799,Instagram,2026-02-22 11:49:00,@fatou433,vous avez une version sans sucre ?,3,
C000840,TikTok,2026-02-25 19:04:00,@rita343,hey y a pas au maquis de Yopougon 😍,5,
C000866,Facebook,2026-02-27 22:21:00,@chris80,votre stand à Yopougon était bien organisé à Adjamé 💪,2,
C000886,Instagram,2026-02-28 09:51:00,@abou87,c'est  du bissap naturel ou du concentré ? voilà à Plateau!!,2,
C000892,Instagram,2026-03-01 08:15:00,@rita834,Vends iPhone 13 neuf 07 00 00 00 00,0,
C000900,TikTok,2026-03-01 23:04:00,@kone.851,Abonne toi à ma page ❤️,10,
C000924,Instagram,2026-03-03 17:11:00,@kevin889,🔥🔥🔥,4,
C000965,Facebook,2026-03-05 12:54:00,@traore869,"c'est  frais et pas trop sucré, merci 🙏",2,
C000976,Instagram,2026-03-06 12:53:00,@ibrahim161,"cherché partout hier, introuvable svp à Yopougon",4,
C000984,Facebook,2026-03-07 22:30:00,@fatou982,mes enfants adorent le bissap Awalé à Koumassi ??,6,
C001006,TikTok,2026-03-08 20:22:00,@junior153,mon frère c'est cher dèh à Bingerville,0,
C001017,Instagram,2026-03-09 19:23:00,@awa_53,arrêtez les pubs trop répétitives svp à Koumassi!!!,0,
C001024,Facebook,2026-03-10 17:36:00,@fatou14,"Bjr je prends 2 bouteilles chaque soir, top 🙏 à Plateau",0,
C001063,Instagram,2026-03-12 07:50:00,@kevin853,"Perte de poids en 7 jours, DM 💊",3,
C001073,TikTok,2026-03-12 12:51:00,@kevin231,concurrence est moins chère hein hein,4,
C001079,Instagram,2026-03-13 22:20:00,@aicha_475,any sugar-free option? voilà à Angré 😩!!,4,
C001097,TikTok,2026-03-13 18:22:00,@aicha_686,la pub pendant le match était bien placée mdr à Treichville,1,
C001098,Instagram,2026-03-14 22:49:00,@traore869,le bouye est doux paa 😋 à Abobo,3,
C001108,Facebook,2026-03-14 12:27:00,@awa_502,Abonne toi à ma page ❤️,1,
C001145,Instagram,2026-03-17 09:38:00,@ibrahim223,meilleur  bissap d'Abidjan wallah 🙏,5,
C001159,Instagram,2026-03-17 19:49:00,@traore440,"sincèrement  c'est frais et pas trop sucré, merci répondez svp",3,
C001176,Instagram,2026-03-19 21:24:00,@yao240,trop cher pour la qualité désolé s'il vous plaît à Bingerville,1,
C001181,Facebook,2026-03-19 16:19:00,@traore27,where can I buy this in Abidjan? voilà,2,
C001204,Facebook,2026-03-20 09:43:00,@ibrahim155,"qualité au top, continuez comme ça 💪 😂",0,
C001219,TikTok,2026-03-21 10:11:00,@ibrahim86,pourquoi il n'y a plus rien en rayon ? svp,2,
C001245,Facebook,2026-03-23 14:00:00,@stephane520,❤️❤️❤️,1,
C001297,TikTok,2026-03-27 09:05:00,@kevin668,"vraiment bravo, c'est bien fait merci",6,
C001336,Instagram,2026-03-29 23:38:00,@fatou310,pourquoi il n'y a plus rien en rayon ? ooh,1,
C001343,Instagram,2026-03-30 17:20:00,@mimi106,mes enfants adorent le bissap Awalé à Yopougon!!,2,
C001358,TikTok,2026-03-31 07:37:00,@bakary197,le nouveau packaging est joli 😍...,0,
C001371,Facebook,2026-03-31 21:44:00,@stephane231,où on trouve à Treichville ? mdr,0,
C001374,Facebook,2026-04-01 23:33:00,@kone.813,vu votre pub à la radio ce matin 📻 🙏,0,
C001382,Instagram,2026-04-02 18:44:00,@aya992,le bouchon est difficile à ouvrir,0,
C001389,TikTok,2026-04-02 20:39:00,@nadege500,mes enfants adorent le bissap Awalé 😋,0,
C001412,Facebook,2026-04-03 19:03:00,@abou527,bon meilleur bissap d'Abidjan wallah hein 🥤,0,
C001415,Facebook,2026-04-04 19:28:00,@awa_140,eh  à 1500 francs le litre c'est chaud pour nous,1,
C001453,Facebook,2026-04-07 15:32:00,@fatou484,where can I buy this in Abidjan?,6,
C001460,Facebook,2026-04-07 08:47:00,@mariam381,"franchement j'ai goûté hier, franchement c'est propre à Riviera 3",6,
C001474,Instagram,2026-04-08 18:45:00,@mariam883,Bonjour,0,
C001486,TikTok,2026-04-09 07:35:00,@didi702,commande annulée sans explication...,2,
C001512,Instagram,2026-04-10 14:35:00,@didi277,on peut payer par Wave ?,2,
C001531,TikTok,2026-04-12 11:34:00,@kevin289,any sugar-free option? répondez svp,4,
C001552,Facebook,2026-04-13 15:38:00,@mariam426,à 1500 francs le litre c'est chaud pour nous répondez svp 🔥,4,
C001589,Facebook,2026-04-16 11:52:00,@abou484,c'est du bissap naturel ou du concentré ? 😍,7,
C001592,Facebook,2026-04-16 16:22:00,@kevin334,stock fini à Marcory zone 4 svp,1,
C001597,TikTok,2026-04-16 12:27:00,@mimi136,"cherché partout hier, introuvable",13,
C001598,TikTok,2026-04-16 21:04:00,@mariam294,le stand hier à Cocody 🔥 dégustation top à Yopougon ??,1,
C001631,Instagram,2026-04-19 21:44:00,@stephane898,bon svp mettez dans les supermarchés de Cocody à Adjamé,1,
C001641,Facebook,2026-04-20 20:43:00,@bakary829,le nouveau packaging est joli 😍 qui est comme moi ? 💪,14,
C001654,TikTok,2026-04-20 09:43:00,@fatou765,votre stand à Yopougon était bien organisé,0,
C001666,Instagram,2026-04-21 17:23:00,@fatou978,"j'ai goûté hier, franchement c'est propre 😋",1,
C001691,TikTok,2026-04-24 13:17:00,@junior996,rupture partout à Angré depuis 2 semaines 😤 à Bingerville,3,
C001701,Instagram,2026-04-25 10:34:00,@yao297,le 33cl est parfait pour le bureau 👌 ooh,4,
C001710,Facebook,2026-04-25 21:15:00,@serge85,svp mettez dans les supermarchés de Cocody,6,
C001718,Facebook,2026-04-26 21:06:00,@serge654,stock fini à Marcory zone 4 dèh à Riviera 3 ??,5,
C001747,TikTok,2026-04-28 23:40:00,@aya180,❤️❤️❤️,0,
C001790,TikTok,2026-05-01 22:31:00,@ibrahim710,Bjr le bouchon est difficile à ouvrir s'il vous plaît,0,
C001794,Instagram,2026-05-01 20:17:00,@ibrahim549,on ne trouve plus 😭 c'est fini ?,4,
C001800,TikTok,2026-05-02 16:48:00,@mimi877,"cherché partout hier, introuvable",4,
C001812,Instagram,2026-05-03 12:56:00,@mimi775,bonjour commande annulée sans explication hein à Plateau 😋,5,
C001831,TikTok,2026-05-04 11:28:00,@junior755,votre  stand à Yopougon était bien organisé hein,3,
C001863,TikTok,2026-05-07 09:03:00,@fatou76,sincèrement  c'est trop bon le bissap Awalé 😍 à Koumassi,0,
C001869,Instagram,2026-05-07 19:35:00,@abou964,"sincèrement j'ai fait 3 boutiques, rien s'il vous plaît",9,
C001870,Instagram,2026-05-07 15:36:00,@yao611,"bon  cherché partout hier, introuvable 🔥",3,
C001873,Facebook,2026-05-07 16:09:00,@mariam545,FRANCHEMENT ON NE TROUVE PLUS 😭 C'EST FINI ?,17,
C001880,Instagram,2026-05-08 23:27:00,@serge38,"mais qualité au top, continuez comme ça 💪",9,
C001882,TikTok,2026-05-08 16:56:00,@aya42,la vidéo TikTok est drôle 😂 à Abobo,0,
C001896,Facebook,2026-05-09 10:00:00,@kone.822,Bjr stock fini à Marcory zone 4,3,
C001897,Facebook,2026-05-09 09:05:00,@ibrahim280,le gingembre est enjaillant dèh 🔥 🙏 🙏,2,
C001901,Instagram,2026-05-10 19:39:00,@stephane841,les diabétiques peuvent boire ?,4,
C001906,TikTok,2026-05-10 09:50:00,@ibrahim371,LIVRAISON NICKEL MERCI,2,
C001933,Facebook,2026-05-12 21:41:00,@serge884,arrêtez les pubs trop répétitives svp 😋,2,
C001978,Facebook,2026-05-15 07:59:00,@bakary109,"svp qualité au top, continuez comme ça 💪!!",0,
C001984,Facebook,2026-05-15 23:17:00,@nadege602,vu votre pub à la radio ce matin 📻,6,
C002005,Facebook,2026-05-17 11:56:00,@bakary826,1500  c'est trop cher hein 😩,2,
C002018,Instagram,2026-05-18 08:11:00,@bakary518,diminuez le prix on va acheter plus répondez svp,0,
C002039,TikTok,2026-05-20 07:00:00,@kevin323,bon la bouteille fuit un peu hein à Abobo ❤️,1,
C002047,Instagram,2026-05-21 11:05:00,@bakary95,meilleur bissap d'Abidjan wallah à Riviera 3,8,
C002057,TikTok,2026-05-22 21:57:00,@stephane216,Vends iPhone 13 neuf 07 00 00 00 00,1,
C002084,Instagram,2026-05-23 12:47:00,@junior355,bonjour le prix a encore monté ?,4,
C002103,Facebook,2026-05-25 09:58:00,@abou338,faut baisser le prix ooh,1,
C002114,Facebook,2026-05-26 18:37:00,@nadege508,Boostez vos followers 📈 DM,0,
C002122,TikTok,2026-05-26 23:07:00,@yao287,slt kpakpato va parler mais c'est bon 😂,0,
C002207,Facebook,2026-06-02 23:50:00,@junior248,wê on veut le gingembre 😂,1,
C002215,Instagram,2026-06-02 18:36:00,@chris881,Suis moi je te suis 🔙,8,
C002219,Instagram,2026-06-02 21:09:00,@mimi342,"c'est  frais et pas trop sucré, merci 👌!!!",2,
C002278,Instagram,2026-06-07 11:37:00,@junior677,le stand hier à Cocody 🔥 dégustation top,2,
C002280,Instagram,2026-06-07 09:26:00,@abou392,1500 c'est trop cher hein 😩 à Riviera 3,0,
C002287,TikTok,2026-06-08 12:18:00,@junior560,on ne trouve plus 😭 c'est fini ? qui est comme moi ? 💪,2,
C002323,Instagram,2026-06-10 21:48:00,@aicha_926,mes enfants adorent le bissap Awalé 😒,14,
C002333,Facebook,2026-06-11 13:43:00,@mariam326,hey c'est trop bon le bissap Awalé 😍 s'il vous plaît à Yopougon,10,
C002343,Instagram,2026-06-12 14:06:00,@bakary971,"j'ai goûté hier, franchement c'est propre 🙏",0,
C002369,Facebook,2026-06-14 13:38:00,@abou48,le bouchon est difficile à ouvrir à Riviera 3 🔥,7,
C002376,Facebook,2026-06-14 20:45:00,@ibrahim77,@awale_ci cé trop bon le bissap Awalé 😍 à Cocody,11,
C002414,Facebook,2026-06-16 11:27:00,@fatou289,la pub pendant le match était bien placée qui est comme moi ? à Port-Bouët 😍,4,
C002427,TikTok,2026-06-17 13:31:00,@fatou800,"c'est frais et pas trop sucré, merci répondez svp",14,
C002437,Instagram,2026-06-17 14:31:00,@chris40,pourquoi il n'y a plus rien en rayon ? à Plateau,0,
C002440,TikTok,2026-06-18 20:59:00,@ibrahim995,c'est du bissap naturel ou du concentré ?...,0,
C002448,Instagram,2026-06-18 08:16:00,@stephane818,"Formation trading gratuite, écris moi",1,
C002468,Instagram,2026-06-20 13:54:00,@mimi915,les diabétiques peuvent boire ?,3,
C002481,TikTok,2026-06-21 16:39:00,@kone.192,Boostez vos followers 📈 DM,0,
C002483,Facebook,2026-06-21 13:46:00,@traore564,rupture partout à Angré depuis 2 semaines 😤 à Bingerville,6,
C002489,Facebook,2026-06-21 09:22:00,@kone.693,concurrence est moins chère hein svp 😩,8,
C002502,Facebook,2026-06-23 18:55:00,@traore350,bon c'est du bissap naturel ou du concentré ?,9,
C002532,TikTok,2026-06-25 11:53:00,@bakary48,❤️❤️❤️,5,
C002558,Facebook,2026-06-27 17:50:00,@serge553,Boostez vos followers 📈 DM,1,
C002566,Instagram,2026-06-28 15:33:00,@didi466,pourquoi il n'y a plus rien en rayon ? à Port-Bouët,5,
C002568,Instagram,2026-06-28 21:16:00,@kone.895,❤️❤️❤️,2,
C002584,Instagram,2026-06-29 16:38:00,@fatou544,vous livrez sur Riviera 3 ?,6,
C002591,Instagram,2026-06-29 08:51:00,@kone.303,@awale_ci le bouye est doux paa 😋 à Angré,4,
C002605,Instagram,2026-06-30 10:39:00,@traore605,slt la vidéo TikTok est drôle 😂 s'il vous plaît,0,
C002642,Instagram,2026-01-23 10:21:00,@chris402,"Bjr commande passée depuis 3h, toujours rien",1,
C002643,Instagram,2026-02-12 09:26:00,@didi678,🔥🔥🔥,4,
C002653,Facebook,2026-01-05 08:24:00,@abou52,"slt je prends 2 bouteilles chaque soir, top",1,
C002680,Instagram,2026-05-24 15:37:00,@rita680,le gingembre est enjaillant dèh 🔥 mdr à Yopougon,7,
C002684,Facebook,2026-06-23 07:23:00,@didi104,la pub pendant le match était bien placée 💪,1,
C002686,Facebook,2026-05-06 09:13:00,@didi46,is it available in supermarkets?,0,
C002712,Facebook,2026-06-13 17:07:00,@bakary731,meilleur bissap d'Abidjan wallah à Cocody,13,
C002729,Facebook,2026-06-01 07:00:00,@aya518,Bjr rupture partout à Angré depuis 2 semaines 😤 svp à Port-Bouët,1,
C002757,Facebook,2026-03-01 10:32:00,@kevin657,non c'est faux hein,5,C000889
C002773,Instagram,2026-01-08 16:25:00,@mimi362,pareil chez moi,9,C000100
C002785,TikTok,2026-01-18 17:00:00,@bakary109,exact !,12,C000233
C002804,TikTok,2026-02-12 12:06:00,@yao340,je confirme,4,C000612
C002815,Instagram,2026-04-07 16:40:00,@aya677,je confirme,7,C001450
C000009,TikTok,2026-01-01 23:36:00,@traore861,stock fini à Marcory zone 4 🙏 à Marcory,1,
C000013,Facebook,2026-01-01 12:49:00,@bakary406,"plus de bissap dans mon quartier, c'est comment ?",1,
C000061,Instagram,2026-01-05 08:13:00,@rita420,hey pourkoi il n'y a plus rien en rayon ? à Yopougon 🥤,16,
C000073,Facebook,2026-01-06 17:06:00,@nadege650,y a pas au maquis de Yopougon mdr,13,
C000110,Instagram,2026-01-09 11:55:00,@traore887,svp vu votre pub à la radio ce matin 📻,6,
C000134,Facebook,2026-01-10 18:16:00,@bakary969,"Perte de poids en 7 jours, DM 💊",0,
C000198,Instagram,2026-01-15 19:44:00,@aicha_713,🔥🔥🔥,4,
C000202,TikTok,2026-01-16 22:54:00,@mimi502,"c'est enjaillant, no drap 🇨🇮",1,
C000207,TikTok,2026-01-16 18:36:00,@stephane220,Bjr belle campagne pour la CAN 🇨🇮 répondez svp à Angré,14,
C000215,TikTok,2026-01-16 11:10:00,@serge176,diminuez le prix on va acheter plus mdr,7,
C000220,Facebook,2026-01-17 22:43:00,@serge70,"c'est enjaillant, no drap",3,
C000228,Instagram,2026-01-17 16:46:00,@nadege708,Bonjour,4,
C000248,Facebook,2026-01-19 22:59:00,@rita704,PRÊT D'ARGENT RAPIDE SANS GARANTIE contactez,4,
C000262,Facebook,2026-01-20 16:05:00,@awa_781,slt où on trouve à Treichville ? 😂,2,
C000312,Instagram,2026-01-24 19:46:00,@yao546,franchement vous livrez à Bingerville ?,0,
C000316,TikTok,2026-01-24 21:44:00,@rita869,sincèrement vu votre pub à la radio ce matin 📻,5,
C000338,Facebook,2026-01-25 16:42:00,@didi833,LE GINGEMBRE EST ENJAILLANT DÈH 🔥,8,
C000368,Instagram,2026-01-27 21:55:00,@mariam541,le  nouveau packaging est joli 😍,2,
C000377,TikTok,2026-01-28 17:51:00,@abou787,pourquoi il n'y a plus rien en rayon ? à Bingerville!!!,1,
C000395,Instagram,2026-01-29 15:12:00,@stephane946,"sincèrement j'ai goûté hier, franchement c'est propre à Koumassi",1,
C000396,Facebook,2026-01-29 10:17:00,@ibrahim453,"j'ai goûté hier, franchement cé propre",2,
C000406,Instagram,2026-01-29 09:53:00,@mimi359,on dit quoi pour la promo ?,8,
C000429,Facebook,2026-01-31 08:14:00,@yao355,"j'ai commandé sur WhatsApp, arrivé rapide 👍 à Adjamé",0,
C000432,Instagram,2026-02-01 08:37:00,@abou82,le prix a encore monté ? à Bingerville,0,
C000434,TikTok,2026-02-01 23:29:00,@junior62,sincèrement le stand hier à Cocody 🔥 dégustation top,20,
C000455,Facebook,2026-02-02 21:04:00,@traore975,where can I buy this in Abidjan?,1,
C000476,Instagram,2026-02-03 11:30:00,@stephane25,Suis moi je te suis 🔙,0,
C000496,Instagram,2026-02-04 10:02:00,@aicha_991,hey faut baisser le prix ooh à Abobo,2,
C000502,Facebook,2026-02-05 21:52:00,@kone.105,tchê c'est doux voilà,7,
C000508,Facebook,2026-02-05 17:50:00,@abou468,"vraiment bravo, c'est bien fait 👌",2,
C000511,Instagram,2026-02-05 22:08:00,@kevin815,les diabétiques peuvent boire ?!!!,3,
C000518,TikTok,2026-02-05 14:47:00,@yao598,le 33cl à 500 cé correct mais le 1L non,3,
C000538,Instagram,2026-02-07 17:16:00,@serge696,where can I buy this in Abidjan? 🔥,0,
C000549,Facebook,2026-02-07 22:36:00,@bakary283,"je prends 2 bouteilles chaque soir, top hein 💪",2,
C000560,Instagram,2026-02-08 13:48:00,@aya85,"c'est frais et pas trop sucré, merci 👏",8,
C000585,Instagram,2026-02-10 21:42:00,@yao662,"commande passée depuis 3h, toujours rien 🙏",1,
C000598,Instagram,2026-02-11 15:43:00,@yao995,"qualité au top, continuez comme ça 💪 à Adjamé",0,
C000600,Facebook,2026-02-11 11:17:00,@yao94,@AWALE_CI SVP METTEZ DANS LES SUPERMARCHÉS DE COCODY,2,
C000680,Instagram,2026-02-16 11:37:00,@aicha_757,l'étiquette se décolle au frigo ooh,9,
C000682,Facebook,2026-02-16 22:22:00,@bakary463,où on trouve à Treichville ? 🇨🇮,8,
C000711,Facebook,2026-02-18 13:32:00,@nadege10,livraison nickel merci à Cocody,0,
C000725,TikTok,2026-02-18 11:55:00,@ibrahim174,prévoyez  des packs de 6 pour les familles répondez svp,0,
C000730,Facebook,2026-02-19 19:29:00,@yao231,"j'ai vu à la radio, j'ai testé, je ne regrette pas répondez svp",0,
C000733,TikTok,2026-02-19 20:35:00,@kone.391,vu votre pub à la radio ce matin 📻,4,
C000748,Instagram,2026-02-20 13:04:00,@fatou155,vous livrez à Bingerville ? à Cocody,0,
C000752,TikTok,2026-02-20 18:50:00,@mimi192,le bouye est doux paa 😋 à Marcory,6,
C000791,Instagram,2026-02-22 21:42:00,@kone.86,les diabétiques peuvent boire ?,15,
C000833,Facebook,2026-02-24 11:28:00,@kone.430,"qualité au top, continuez comme ça 💪 à Abobo 😒",0,
C000839,TikTok,2026-02-25 16:30:00,@rita809,VOUS AVEZ UNE VERSION SANS SUCRE ? À YOPOUGON,11,
C000870,TikTok,2026-02-27 10:54:00,@abou104,svp on ne trouve plus 😭 c'est fini ? ❤️,5,
C000871,Instagram,2026-02-27 08:28:00,@didi363,mes enfants adorent le bissap Awalé dèh 🥤,0,
C000878,Instagram,2026-02-27 15:39:00,@mimi622,trop  cher pour la kalité désolé,7,
C000882,Instagram,2026-02-28 17:14:00,@rita299,bon on dit quoi pour la promo ? 😍,0,
C000888,Instagram,2026-02-28 22:57:00,@junior992,les diabétiques peuvent boire ?,9,
C000898,Facebook,2026-03-01 16:45:00,@stephane558,"hey j'ai vu à la radio, j'ai testé, je ne regrette pas 🇨🇮!!",4,
C000931,Instagram,2026-03-03 14:16:00,@kone.381,"hey plus de bissap dans mon quartier, c'est comment ?",17,
C000966,Facebook,2026-03-06 14:40:00,@awa_230,1500 c'est trop cher hein 😩 👏,0,
C000967,Instagram,2026-03-06 11:24:00,@stephane722,sincèrement  mon frère c'est cher dèh,1,
C001014,Facebook,2026-03-09 09:54:00,@abou224,"bonjour j'ai vu à la radio, j'ai testé, je ne regrette pas",3,
C001030,Instagram,2026-03-10 12:34:00,@rita766,bonjour le stand hier à Cocody 🔥 dégustation top 👏,6,
C001042,Facebook,2026-03-11 21:01:00,@yao357,svp mettez dans les supermarchés de Cocody 🙏,0,
C001065,Facebook,2026-03-12 15:43:00,@fatou352,"je prends 2 bouteilles chake soir, top à Marcory",3,
C001083,TikTok,2026-03-13 15:45:00,@mimi32,le bouye est doux paa 😋 😩,2,
C001102,TikTok,2026-03-14 16:20:00,@didi942,Suis moi je te suis 🔙,3,
C001109,Instagram,2026-03-14 17:36:00,@yao291,Bjr concurrence est moins chère hein,1,
C001114,Instagram,2026-03-15 18:28:00,@stephane238,la pub pendant le match était bien placée...,5,
C001116,Facebook,2026-03-15 19:19:00,@bakary84,FAUT BAISSER LE PRIX OOH,1,
C001121,Facebook,2026-03-15 12:36:00,@awa_592,franchement meilleur bissap d'Abidjan wallah,0,
C001124,Facebook,2026-03-16 22:43:00,@yao825,mes enfants adorent le bissap Awalé,4,
C001126,Facebook,2026-03-16 18:10:00,@fatou367,c'est trop bon le bissap Awalé 😍,3,
C001131,TikTok,2026-03-16 22:04:00,@didi251,faut mettre à Adjamé aussi ooh,2,
C001137,Instagram,2026-03-16 13:29:00,@awa_760,la vidéo TikTok est drôle 😂 à Plateau 🙏...,12,
C001156,TikTok,2026-03-17 10:45:00,@mariam675,BONJOUR ON NE TROUVE PLUS 😭 C'EST FINI ?,10,
C001195,TikTok,2026-03-20 13:13:00,@didi389,"j'ai vu à la radio, j'ai testé, je ne regrette pas 🇨🇮",0,
C001214,TikTok,2026-03-21 17:01:00,@traore791,c'est trop bon le bissap Awalé 😍...,2,
C001306,Facebook,2026-03-27 20:44:00,@awa_885,le 33cl est parfait pour le bureau 👌 dèh à Riviera 3,3,
C001348,Instagram,2026-03-30 07:35:00,@chris752,mon  frère c'est cher dèh ooh,3,
C001392,Facebook,2026-04-02 19:11:00,@aicha_889,belle campagne pour la CAN 🇨🇮 🙏,3,
C001400,Facebook,2026-04-03 18:38:00,@didi753,"vraiment bravo, c'est bien fait à Bingerville",3,
C001408,Facebook,2026-04-03 21:08:00,@traore263,wê on veut le gingembre 😒,0,
C001442,Instagram,2026-04-06 16:00:00,@awa_633,1500 c'est trop cher hein 😩!!!,0,
C001456,Instagram,2026-04-07 07:44:00,@rita754,wê on veut le gingembre,5,
C001487,Facebook,2026-04-09 17:35:00,@traore167,trop cher pour la kalité désolé,2,
C001493,Facebook,2026-04-09 19:19:00,@abou628,"cherché partout hier, introuvable 🙏",20,
C001498,Facebook,2026-04-10 15:11:00,@rita685,kpakpato va parler mais c'est bon 😂,2,
C001509,Facebook,2026-04-10 13:19:00,@chris694,le 33cl à 500 c'est correct mais le 1L non à Koumassi ??,3,
C001522,Facebook,2026-04-11 14:32:00,@fatou664,belle  campagne pour la CAN 🇨🇮 à Koumassi,7,
C001537,Instagram,2026-04-12 19:59:00,@rita208,PRÊT D'ARGENT RAPIDE SANS GARANTIE contactez,2,
C001590,Instagram,2026-04-16 17:21:00,@awa_905,où on trouve à Treichville ?,2,
C001606,Instagram,2026-04-17 19:12:00,@aya30,"j'ai fait 3 boutiques, rien",7,
C001616,TikTok,2026-04-17 14:01:00,@fatou361,PRÊT D'ARGENT RAPIDE SANS GARANTIE contactez,13,
C001634,TikTok,2026-04-19 22:18:00,@aya868,le nouveau packaging est joli 😍,3,
C001681,Instagram,2026-04-23 17:32:00,@stephane205,"Perte de poids en 7 jours, DM 💊",0,
C001729,TikTok,2026-04-27 23:42:00,@awa_353,mais diminuez le prix on va acheter plus 😂,0,
C001745,Facebook,2026-04-28 20:08:00,@mimi433,eh  où on trouve à Treichville ? à Riviera 3,3,
C001784,TikTok,2026-05-01 07:50:00,@abou380,mes enfants adorent le bissap Awalé,3,
C001832,Facebook,2026-05-04 23:58:00,@abou447,svp mettez dans les supermarchés de Cocody à Treichville,9,
C001843,Instagram,2026-05-05 20:17:00,@fatou679,franchement c'est trop bon le bissap Awalé 😍,6,
C001887,Instagram,2026-05-08 19:56:00,@didi238,la vidéo TikTok est drôle 😂 😍,0,
C001902,Instagram,2026-05-10 23:39:00,@aicha_80,🔥🔥🔥,2,
C001924,TikTok,2026-05-11 09:33:00,@ibrahim212,franchement stock fini à Marcory zone 4 🙏...,0,
C001941,TikTok,2026-05-13 13:05:00,@fatou897,vous livrez à Bingerville ? 🙏,1,
C001949,Facebook,2026-05-13 09:26:00,@serge274,slt concurrence est moins chère hein s'il vous plaît 😍,3,
C001972,Facebook,2026-05-14 08:32:00,@aya66,"vraiment  bravo, c'est bien fait",0,
C002003,Instagram,2026-05-17 18:51:00,@fatou789,"j'ai vu à la radio, j'ai testé, je ne regrette pas 💪",3,
C002004,Facebook,2026-05-17 17:30:00,@nadege38,"Perte de poids en 7 jours, DM 💊",6,
C002023,Facebook,2026-05-18 09:46:00,@nadege880,🔥🔥🔥,3,
C002035,Instagram,2026-05-19 20:41:00,@abou539,"qualité au top, continuez comme ça 💪 mdr",24,
C002042,Instagram,2026-05-20 21:38:00,@junior236,"je prends 2 bouteilles chaque soir, top",4,
C002046,Instagram,2026-05-21 13:22:00,@chris799,vous livrez sur Riviera 3 ?,19,
C002053,TikTok,2026-05-21 09:21:00,@aya854,mais diminuez le prix on va acheter plus répondez svp,3,
C002068,Instagram,2026-05-22 20:24:00,@mimi139,svp à 1500 francs le litre c'est chaud pour nous...,5,
C002069,TikTok,2026-05-22 13:48:00,@junior146,faut mettre à Adjamé aussi ooh ooh,2,
C002085,Facebook,2026-05-23 13:23:00,@aicha_750,la vidéo TikTok est drôle 😂,3,
C002113,TikTok,2026-05-26 21:03:00,@nadege654,concurrence est moins chère hein 🇨🇮,2,
C002131,Facebook,2026-05-27 17:34:00,@rita718,mais votre stand à Yopougon était bien organisé répondez svp,1,
C002133,TikTok,2026-05-28 21:27:00,@traore97,sincèrement diminuez le prix on va acheter plus à Bingerville,19,
C002134,TikTok,2026-05-28 22:26:00,@aya641,"c'est enjaillant, no drap à Koumassi 😒",1,
C002146,TikTok,2026-05-29 10:38:00,@rita513,belle campagne pour la CAN 🇨🇮,3,
C002148,TikTok,2026-05-29 07:50:00,@fatou325,stock fini à Marcory zone 4 à Marcory,6,
C002149,Instagram,2026-05-29 13:04:00,@awa_87,le prix a encore monté ? à Yopougon,8,
C002154,Instagram,2026-05-29 09:34:00,@yao875,vu votre pub à la radio ce matin 📻 ki est comme moi ?!!,11,
C002159,TikTok,2026-05-29 21:32:00,@abou338,faut baisser le prix ooh 🙏 à Yopougon,5,
C002193,Instagram,2026-06-01 18:28:00,@stephane900,svp  le nouveau packaging est joli 😍 à Marcory...,2,
C002203,TikTok,2026-06-02 17:41:00,@aicha_989,vous livrez à Bingerville ? 😩,8,
C002229,Facebook,2026-06-03 18:24:00,@traore645,y a pas au maquis de Yopougon qui est comme moi ?,0,
C002235,Facebook,2026-06-03 07:55:00,@serge626,Suis moi je te suis 🔙,8,
C002252,Facebook,2026-06-05 17:02:00,@didi942,Bjr l'étiquette se décolle au frigo à Riviera 3,2,
C002257,Instagram,2026-06-05 15:08:00,@mimi466,arrêtez les pubs trop répétitives svp 👌,6,
C002258,Instagram,2026-06-05 13:57:00,@awa_872,👍,1,
C002260,Facebook,2026-06-05 14:49:00,@rita282,meilleur bissap d'Abidjan wallah,11,
C002270,Instagram,2026-06-06 14:33:00,@junior55,mes enfants adorent le bissap Awalé ??,8,
C002291,TikTok,2026-06-08 18:08:00,@fatou367,le bouye est doux paa 😋,3,
C002299,Instagram,2026-06-09 15:12:00,@abou494,"VRAIMENT BRAVO, C'EST BIEN FAIT RÉPONDEZ SVP À PLATEAU",4,
C002312,TikTok,2026-06-10 12:45:00,@junior378,le prix a encore monté ?,1,
C002318,Instagram,2026-06-10 20:12:00,@didi470,❤️❤️❤️,1,
C002332,Instagram,2026-06-11 22:48:00,@aicha_930,sincèrement la vidéo TikTok est drôle 😂 à Bingerville 😒,11,
C002338,Instagram,2026-06-11 19:11:00,@junior731,on peut payer par Wave ? dèh,5,
C002340,TikTok,2026-06-11 20:17:00,@abou403,le stand hier à Cocody 🔥 dégustation top à Plateau,4,
C002347,Facebook,2026-06-12 21:58:00,@mariam672,VOTRE STAND À YOPOUGON ÉTAIT BIEN ORGANISÉ À MARCORY,2,
C002361,Facebook,2026-06-13 10:12:00,@ibrahim86,"Formation trading gratuite, écris moi",2,
C002374,Instagram,2026-06-14 18:43:00,@stephane191,franchement is it available in supermarkets?,11,
C002378,Facebook,2026-06-14 23:10:00,@didi175,svp mettez dans les supermarchés de Cocody,1,
C002385,Facebook,2026-06-14 15:51:00,@traore360,c'est trop bon le bissap Awalé 😍 à Koumassi,1,
C002417,Facebook,2026-06-16 15:03:00,@stephane393,faut baisser le prix ooh svp 🔥,0,
C002432,Facebook,2026-06-17 18:57:00,@stephane630,c'est trop bon le bissap Awalé 😍 s'il vous plaît ❤️,5,
C002458,TikTok,2026-06-19 14:27:00,@aicha_404,"Perte de poids en 7 jours, DM 💊",7,
C002478,TikTok,2026-06-21 18:05:00,@mariam174,"qualité au top, continuez comme ça 💪",5,
C002519,Instagram,2026-06-24 10:21:00,@mariam379,"qualité au top, continuez comme ça 💪 hein",7,
C002530,Facebook,2026-06-25 20:06:00,@junior579,"slt qualité au top, continuez comme ça 💪 hein à Angré 😒",0,
C002531,TikTok,2026-06-25 18:29:00,@nadege817,le 33cl à 500 c'est correct mais le 1L non 🙏,18,
C002552,Facebook,2026-06-27 08:08:00,@mariam820,"hey c'est frais et pas trop sucré, merci",7,
C002560,Facebook,2026-06-27 17:35:00,@awa_598,Bjr arrêtez les pubs trop répétitives svp ❤️,4,
C002588,Instagram,2026-06-29 07:37:00,@didi649,where can I buy this in Abidjan?,15,
C002594,Facebook,2026-06-30 08:17:00,@fatou595,"j'ai vu à la radio, j'ai testé, je ne regrette pas...",6,
C002634,Facebook,2026-04-24 21:52:00,@kevin509,BELLE CAMPAGNE POUR LA CAN 🇨🇮,1,
C002644,TikTok,2026-05-18 19:09:00,@junior710,on ne trouve plus 😭 c'est fini ? qui est comme moi ? à Koumassi,3,
C002658,Instagram,2026-04-19 15:54:00,@mimi577,"cherché partout hier, introuvable dèh à Adjamé 😋",0,
C002659,Instagram,2026-01-17 16:46:00,@nadege708,Bonjour,4,
C002669,Instagram,2026-02-15 09:44:00,@aicha_559,MES ENFANTS ADORENT LE BISSAP AWALÉ S'IL VOUS PLAÎT À PLATEAU 👏,2,
C002670,Facebook,2026-03-19 10:09:00,@aicha_34,"qualité au top, continuez comme ça 💪 à Plateau",1,
C002675,TikTok,2026-05-29 20:37:00,@serge568,on ne trouve plus 😭 c'est fini ? voilà,1,
C002691,Instagram,2026-01-10 14:05:00,@yao724,"sincèrement qualité au top, continuez comme ça 💪",9,
C002704,Facebook,2026-01-18 21:14:00,@yao204,meilleur bissap d'Abidjan wallah svp à Treichville,4,
C002714,TikTok,2026-01-29 11:46:00,@kone.435,"j'ai vu à la radio, j'ai testé, je ne regrette pas 👌",2,
C002726,Facebook,2026-04-08 22:41:00,@rita186,Vends iPhone 13 neuf 07 00 00 00 00,2,
C002743,Facebook,2026-04-27 09:20:00,@ibrahim591,je confirme,7,C001737
C002767,Instagram,2026-04-28 11:55:00,@fatou239,merci pour l'info,10,C001757
C002777,Instagram,2026-02-28 17:14:00,@didi153,exact !,6,C000882
C002783,Facebook,2026-03-08 20:00:00,@mimi283,mdr 😂,3,C001001
C002791,Facebook,2026-06-10 10:53:00,@mariam107,pareil chez moi,8,C002320
C002797,Facebook,2026-05-28 14:22:00,@traore440,je confirme,4,C002145
C000010,Instagram,2026-01-01 17:35:00,@yao513,"vraiment bravo, c'est bien fait à Marcory 😍",0,
C000045,Facebook,2026-01-04 23:16:00,@awa_638,le 33cl à 500 c'est correct mais le 1L non,3,
C000058,TikTok,2026-01-05 13:55:00,@yao182,diminuez le prix on va acheter plus à Cocody ❤️,1,
C000066,Facebook,2026-01-05 08:24:00,@abou52,"slt je prends 2 bouteilles chaque soir, top",1,
C000078,Facebook,2026-01-06 14:56:00,@chris133,bonjour y a pas drap avec Awalé,1,
C000089,Instagram,2026-01-07 18:58:00,@kevin631,"Formation trading gratuite, écris moi",0,
C000098,Instagram,2026-01-08 20:58:00,@awa_611,faut mettre à Adjamé aussi ooh ??,17,
C000116,TikTok,2026-01-09 21:19:00,@awa_759,bonjour mes enfants adorent le bissap Awalé à Treichville,2,
C000129,Instagram,2026-01-10 14:05:00,@yao724,"sincèrement qualité au top, continuez comme ça 💪",9,
C000139,Facebook,2026-01-11 10:45:00,@chris20,"plus de bissap dans mon kartier, cé comment ? à Adjamé ??",3,
C000152,TikTok,2026-01-12 07:22:00,@rita90,slt livraison trop lente 😒 hein,1,
C000160,TikTok,2026-01-12 21:29:00,@mariam378,1500 c'est trop cher hein 😩,2,
C000167,Instagram,2026-01-13 07:40:00,@junior919,"je prends 2 bouteilles chaque soir, top 🙏",5,
C000205,Facebook,2026-01-16 13:02:00,@serge551,le livreur ne répond pas 🇨🇮,0,
C000206,Instagram,2026-01-16 18:12:00,@ibrahim437,@awale_ci votre stand à Yopougon était bien organisé,0,
C000213,Instagram,2026-01-16 13:56:00,@kone.955,❤️❤️❤️,1,
C000230,Instagram,2026-01-18 13:27:00,@mariam78,"Perte de poids en 7 jours, DM 💊",6,
C000264,Facebook,2026-01-21 17:40:00,@junior187,"c'est frais et pas trop sucré, merci",8,
C000279,Facebook,2026-01-21 17:54:00,@abou225,"Bjr commande passée depuis 3h, toujours rien à Angré",1,
C000287,Facebook,2026-01-22 11:07:00,@traore767,les diabétiques peuvent boire ? à Marcory,10,
C000297,Instagram,2026-01-23 12:04:00,@traore83,cé du bissap naturel ou du concentré ?,7,
C000366,Instagram,2026-01-27 22:00:00,@junior198,franchement belle campagne pour la CAN 🇨🇮 ❤️,7,
C000380,Instagram,2026-01-28 23:46:00,@chris352,Vends iPhone 13 neuf 07 00 00 00 00,5,
C000389,Instagram,2026-01-29 15:37:00,@aicha_294,vu votre pub à la radio ce matin 📻,3,
C000423,TikTok,2026-01-31 09:01:00,@mariam41,"qualité au top, continuez comme ça 💪 à Cocody",0,
C000433,Facebook,2026-02-01 07:32:00,@mariam643,❤️❤️❤️,0,
C000480,Instagram,2026-02-03 09:52:00,@ibrahim225,"j'ai goûté hier, franchement c'est propre à Bingerville",0,
C000489,TikTok,2026-02-04 23:54:00,@ibrahim321,bon vous livrez sur Riviera 3 ?,13,
C000515,Instagram,2026-02-05 21:51:00,@rita505,la pub pendant le match était bien placée ??,7,
C000520,Facebook,2026-02-05 14:17:00,@awa_597,LE BOUYE EST DOUX PAA 😋 ❤️,4,
C000536,Facebook,2026-02-07 08:59:00,@ibrahim248,"Formation trading gratuite, écris moi",14,
C000624,Instagram,2026-02-12 14:38:00,@yao642,"c'est frais et pas trop sucré, merci",0,
C000668,Instagram,2026-02-15 18:31:00,@rita290,slt le bouchon est difficile à ouvrir 😩,0,
C000676,Instagram,2026-02-16 14:05:00,@junior176,le stand hier à Cocody 🔥 dégustation top à Treichville!!!,0,
C000739,Instagram,2026-02-19 22:46:00,@didi241,le prix a encore monté ?,3,
C000741,Facebook,2026-02-20 22:35:00,@chris311,c'est gbé ça 😎 à Abobo,0,
C000743,TikTok,2026-02-20 23:39:00,@awa_297,"J'AI FAIT 3 BOUTIQUES, RIEN 😂",0,
C000760,TikTok,2026-02-21 15:54:00,@stephane53,"c'est frais et pas trop sucré, merci à Koumassi",0,
C000775,Facebook,2026-02-21 16:47:00,@awa_756,meilleur bissap d'Abidjan wallah s'il vous plaît,2,
C000795,Facebook,2026-02-22 19:34:00,@aya995,do you ship to Grand-Bassam? à Koumassi,4,
C000808,Facebook,2026-02-23 14:11:00,@traore412,le stand hier à Cocody 🔥 dégustation top,9,
C000810,TikTok,2026-02-23 20:22:00,@aya480,rupture partout à Angré depuis 2 semaines 😤 répondez svp à Marcory,8,
C000817,Instagram,2026-02-23 21:06:00,@rita950,hey vu votre pub à la radio ce matin 📻,3,
C000851,Instagram,2026-02-26 09:51:00,@nadege664,vs avez une version sans sucre ?!!!,0,
C000852,Instagram,2026-02-26 16:50:00,@didi339,mais meilleur bissap d'Abidjan wallah répondez svp,1,
C000863,Facebook,2026-02-27 15:50:00,@ibrahim557,1500 c'est trop cher hein 😩,5,
C000893,Instagram,2026-03-01 09:13:00,@chris885,"j'ai goûté hier, franchement cé propre répondez svp",7,
C000935,Instagram,2026-03-03 16:06:00,@ibrahim525,C'EST DU BISSAP NATUREL OU DU CONCENTRÉ ?,19,
C000938,Facebook,2026-03-03 11:47:00,@bakary622,belle campagne pour la CAN 🇨🇮 à Bingerville,0,
C000946,TikTok,2026-03-04 12:42:00,@mariam844,y  a pas drap avec Awalé,18,
C000949,Instagram,2026-03-04 15:01:00,@kevin986,hey trop cher pour la qualité désolé 🙏,2,
C000953,Facebook,2026-03-04 23:38:00,@didi712,le nouveau packaging est joli 😍 ❤️,3,
C000964,TikTok,2026-03-05 14:23:00,@junior338,Abonne toi à ma page ❤️,4,
C000974,Instagram,2026-03-06 23:58:00,@abou444,"j'ai commandé sur WhatsApp, arrivé rapide 👍",1,
C000980,Facebook,2026-03-07 11:04:00,@aya886,LIVRAISON NICKEL MERCI MDR ❤️,0,
C000996,Facebook,2026-03-08 17:33:00,@kevin147,on peut payer par Wave ?,8,
C001001,Facebook,2026-03-08 20:00:00,@awa_570,mes enfants adorent le bissap Awalé merci,0,
C001018,Instagram,2026-03-09 13:28:00,@aicha_520,c'est trop bon le bissap Awalé 😍 merci 😍,1,
C001023,Facebook,2026-03-10 19:12:00,@stephane966,Vends iPhone 13 neuf 07 00 00 00 00,1,
C001028,Instagram,2026-03-10 21:42:00,@rita670,sincèrement livraison trop lente 😒,4,
C001031,Facebook,2026-03-10 16:12:00,@traore934,franchement la pub pendant le match était bien placée,5,
C001035,Instagram,2026-03-10 16:02:00,@abou429,Boostez vos followers 📈 DM,7,
C001037,Instagram,2026-03-10 14:53:00,@serge709,y a pas au maquis de Yopougon à Bingerville,5,
C001041,Instagram,2026-03-11 17:11:00,@traore304,slt arrêtez les pubs trop répétitives svp,4,
C001044,TikTok,2026-03-11 07:34:00,@mariam92,rupture partout à Angré depuis 2 semaines 😤,9,
C001064,Facebook,2026-03-12 17:02:00,@bakary793,"commande passée depuis 3h, toujours rien",0,
C001068,Instagram,2026-03-12 10:31:00,@serge657,le gingembre est enjaillant dèh 🔥 à Riviera 3,1,
C001069,Instagram,2026-03-12 23:40:00,@aya717,Vends iPhone 13 neuf 07 00 00 00 00,0,
C001087,Instagram,2026-03-13 11:56:00,@didi956,❤️❤️❤️,5,
C001088,Facebook,2026-03-13 20:48:00,@yao222,Boostez vos followers 📈 DM,4,
C001099,Instagram,2026-03-14 09:23:00,@aya945,Suis moi je te suis 🔙,11,
C001154,TikTok,2026-03-17 07:10:00,@bakary112,cé trop bon le bissap Awalé 😍 à Koumassi,13,
C001163,Instagram,2026-03-18 21:49:00,@fatou108,bonjour on ne trouve plus 😭 c'est fini ? répondez svp,1,
C001183,TikTok,2026-03-19 08:52:00,@nadege838,le bouchon est difficile à ouvrir,3,
C001185,Facebook,2026-03-19 18:39:00,@kone.361,mes enfants adorent le bissap Awalé mdr,1,
C001302,Facebook,2026-03-27 20:06:00,@fatou389,Bonjour,4,
C001335,Facebook,2026-03-29 22:44:00,@abou676,"je prends 2 bouteilles chaque soir, top 😩",10,
C001350,TikTok,2026-03-30 17:52:00,@bakary638,"j'ai commandé sur WhatsApp, arrivé rapide 👍 à Treichville",19,
C001359,Facebook,2026-03-31 10:14:00,@kone.448,c'est du bissap naturel ou du concentré ? qui est comme moi ?,4,
C001390,TikTok,2026-04-02 18:20:00,@kevin6,vous livrez à Bingerville ?,8,
C001391,TikTok,2026-04-02 14:06:00,@didi609,pourquoi  il n'y a plus rien en rayon ? 🙏,0,
C001422,Facebook,2026-04-04 16:14:00,@fatou551,"cherché partout hier, introuvable",7,
C001425,TikTok,2026-04-04 11:57:00,@bakary648,faites un format 2L svp s'il vs plaît à Marcory,11,
C001430,Instagram,2026-04-05 22:13:00,@serge158,franchement on ne trouve plus 😭 c'est fini ?,7,
C001434,Facebook,2026-04-05 22:16:00,@stephane880,do you ship to Grand-Bassam? hein à Cocody,17,
C001441,Instagram,2026-04-06 07:10:00,@fatou708,y a pas drap avec Awalé qui est comme moi ?,8,
C001483,Instagram,2026-04-09 13:18:00,@aya731,la pub pendant le match était bien placée,0,
C001490,Instagram,2026-04-09 07:13:00,@kone.532,arrêtez les pubs trop répétitives svp,1,
C001503,Instagram,2026-04-10 08:25:00,@nadege216,"Perte de poids en 7 jours, DM 💊",9,
C001507,Facebook,2026-04-10 07:40:00,@awa_319,Boostez vos followers 📈 DM,1,
C001513,Facebook,2026-04-11 07:17:00,@serge416,on ne trouve plus 😭 c'est fini ? mdr...,4,
C001534,Instagram,2026-04-12 18:11:00,@awa_940,Abonne toi à ma page ❤️,6,
C001538,Instagram,2026-04-12 10:37:00,@aicha_430,"@awale_ci je prends 2 bouteilles chaque soir, top",1,
C001543,TikTok,2026-04-12 15:44:00,@rita49,Suis moi je te suis 🔙,0,
C001554,Instagram,2026-04-13 15:11:00,@bakary268,y a pas au maquis de Yopougon,4,
C001562,Instagram,2026-04-14 09:31:00,@awa_961,franchement rupture partout à Angré depuis 2 semaines 😤 à Abobo,0,
C001578,Facebook,2026-04-15 23:14:00,@ibrahim812,"bonjour j'ai fait 3 boutiques, rien à Treichville",7,
C001621,Facebook,2026-04-18 13:59:00,@junior739,PRÊT D'ARGENT RAPIDE SANS GARANTIE contactez,0,
C001656,TikTok,2026-04-20 21:03:00,@mariam757,"Bjr cherché partout hier, introuvable!!!",12,
C001661,TikTok,2026-04-21 18:59:00,@serge549,trop cher pour la qualité désolé à Adjamé!!!,2,
C001670,Instagram,2026-04-22 21:48:00,@chris578,on ne trouve plus 😭 c'est fini ?,1,
C001671,Facebook,2026-04-22 19:36:00,@aya533,"Bjr plus de bissap dans mon quartier, c'est comment ? 🙏",10,
C001673,Instagram,2026-04-22 20:45:00,@aya21,eh votre stand à Yopougon était bien organisé à Yopougon,6,
C001677,TikTok,2026-04-23 12:20:00,@mariam728,Bonjour,3,
C001679,Instagram,2026-04-23 20:12:00,@yao539,the hibiscus one is great ooh,0,
C001687,Facebook,2026-04-24 21:52:00,@kevin509,BELLE CAMPAGNE POUR LA CAN 🇨🇮,1,
C001703,Facebook,2026-04-25 10:26:00,@abou621,sincèrement  c'est gbé ça 😎,23,
C001720,Instagram,2026-04-26 15:48:00,@kevin337,on  ne trouve plus 😭 c'est fini ?,2,
C001739,Instagram,2026-04-27 13:43:00,@abou305,TCHÊ C'EST DOUX À ABOBO,7,
C001741,Instagram,2026-04-27 15:12:00,@abou917,rupture partout à Angré depuis 2 semaines 😤,2,
C001756,Instagram,2026-04-28 20:11:00,@aya730,1500 c'est trop cher hein 😩,1,
C001761,TikTok,2026-04-29 14:41:00,@nadege154,on ne trouve plus 😭 cé fini ?,1,
C001789,TikTok,2026-05-01 20:22:00,@aicha_85,c'est trop bon le bissap Awalé 😍 dèh 🇨🇮,2,
C001798,TikTok,2026-05-02 09:44:00,@aya39,c'est gbé ça 😎,3,
C001825,Facebook,2026-05-04 22:37:00,@mimi951,🔥🔥🔥,0,
C001851,Facebook,2026-05-06 11:36:00,@serge39,@awale_ci on ne trouve plus 😭 c'est fini ?,9,
C001866,Instagram,2026-05-07 22:14:00,@yao283,pourquoi il n'y a plus rien en rayon ? à Riviera 3,1,
C001904,TikTok,2026-05-10 18:53:00,@ibrahim752,"j'ai vu à la radio, j'ai testé, je ne regrette pas ??",3,
C001910,Instagram,2026-05-10 18:44:00,@rita284,y a pas drap avec Awalé à Angré,3,
C001915,Instagram,2026-05-11 23:52:00,@mimi582,"Perte de poids en 7 jours, DM 💊",1,
C001948,Instagram,2026-05-13 16:46:00,@aicha_377,cé trop bon le bissap Awalé 😍 svp 💪,1,
C001955,Facebook,2026-05-13 22:03:00,@abou652,"c'est frais et pas trop sucré, merci 🥤",1,
C001958,Instagram,2026-05-14 10:03:00,@didi761,ARRÊTEZ LES PUBS TROP RÉPÉTITIVES SVP DÈH,2,
C001963,Instagram,2026-05-14 20:32:00,@mariam461,le stand hier à Cocody 🔥 dégustation top,1,
C002009,Facebook,2026-05-17 08:19:00,@ibrahim620,les diabétikes peuvent boire ? dèh à Angré,1,
C002034,Instagram,2026-05-19 14:11:00,@yao845,slt mes enfants adorent le bissap Awalé,1,
C002056,TikTok,2026-05-22 15:11:00,@serge246,eh vu votre pub à la radio ce matin 📻,4,
C002072,TikTok,2026-05-23 19:47:00,@fatou489,hey la vidéo TikTok est drôle 😂 voilà à Koumassi ❤️,0,
C002078,Facebook,2026-05-23 09:28:00,@kone.187,trop cher pour la qualité désolé,12,
C002130,TikTok,2026-05-27 08:14:00,@aicha_235,"c'est frais et pas trop sucré, merci",4,
C002145,Facebook,2026-05-28 14:22:00,@stephane265,love the branding 🔥,1,
C002164,Instagram,2026-05-30 08:18:00,@kevin314,Vends iPhone 13 neuf 07 00 00 00 00,1,
C002166,Facebook,2026-05-30 16:35:00,@aya205,Vends iPhone 13 neuf 07 00 00 00 00,0,
C002186,TikTok,2026-05-31 13:14:00,@kone.668,"vraiment bravo, c'est bien fait",6,
C002187,TikTok,2026-05-31 21:09:00,@ibrahim90,🔥🔥🔥,0,
C002197,TikTok,2026-06-01 15:30:00,@awa_640,le stand hier à Cocody 🔥 dégustation top 😂,10,
C002208,Facebook,2026-06-02 11:46:00,@awa_818,faites un format 2L svp,8,
C002217,Instagram,2026-06-02 16:50:00,@nadege171,"cé frais et pas trop sucré, merci dèh",0,
C002234,Facebook,2026-06-03 07:40:00,@serge887,@awale_ci cé trop bon le bissap Awalé 😍 hein,23,
C002236,Instagram,2026-06-04 08:51:00,@ibrahim817,le stand hier à Cocody 🔥 dégustation top,6,
C002241,Instagram,2026-06-04 23:57:00,@serge342,"j'ai goûté hier, franchement c'est propre",6,
C002277,Instagram,2026-06-07 15:31:00,@rita569,"plus de bissap dans mon quartier, c'est comment ?",11,
C002283,Instagram,2026-06-07 18:38:00,@traore583,Bjr on ne trouve plus 😭 cé fini ?,0,
C002288,Instagram,2026-06-08 18:12:00,@mimi531,votre stand à Yopougon était bien organisé...,0,
C002303,Facebook,2026-06-09 12:49:00,@chris457,c'est trop bon le bissap Awalé 😍 ??,3,
C002315,TikTok,2026-06-10 18:08:00,@kone.6,"hey vraiment bravo, c'est bien fait svp à Treichville 😋",1,
C002316,Facebook,2026-06-10 19:52:00,@stephane159,la  bouteille fuit un peu ooh,1,
C002328,Instagram,2026-06-11 13:59:00,@mariam513,le bouye est doux paa 😋 😍,5,
C002329,Facebook,2026-06-11 15:05:00,@junior118,"hey  vraiment bravo, c'est bien fait...",0,
C002344,TikTok,2026-06-12 07:40:00,@aya197,pourquoi il n'y a plus rien en rayon ?,14,
C002345,Instagram,2026-06-12 22:39:00,@didi428,Bonjour,1,
C002350,Instagram,2026-06-12 22:16:00,@aicha_528,❤️❤️❤️,0,
C002360,TikTok,2026-06-13 07:24:00,@kevin375,à 1500 francs le litre c'est chaud pour nous dèh 🙏,21,
C002380,TikTok,2026-06-14 22:51:00,@mimi997,FAUT BAISSER LE PRIX OOH SVP ??,9,
C002391,TikTok,2026-06-15 13:15:00,@aicha_975,Abonne toi à ma page ❤️,2,
C002411,Facebook,2026-06-16 21:13:00,@yao619,"mais j'ai vu à la radio, j'ai testé, je ne regrette pas qui est comme moi ?",3,
C002413,Instagram,2026-06-16 15:55:00,@didi992,"je prends 2 bouteilles chaque soir, top",0,
C002420,Instagram,2026-06-16 13:43:00,@yao847,la vidéo TikTok est drôle 😂 ooh,0,
C002474,TikTok,2026-06-20 18:41:00,@aya671,on ne trouve plus 😭 c'est fini ?,1,
C002479,TikTok,2026-06-21 20:28:00,@stephane818,où on trouve à Treichville ? à Riviera 3,3,
C002491,TikTok,2026-06-22 08:19:00,@nadege129,la vidéo TikTok est drôle 😂,1,
C002516,Instagram,2026-06-24 12:58:00,@mimi529,vu votre pub à la radio ce matin 📻,1,
C002521,Facebook,2026-06-24 19:54:00,@yao792,c'est du bissap naturel ou du concentré ? à Treichville,3,
C002535,Facebook,2026-06-25 17:35:00,@aicha_315,is it available in supermarkets?,11,
C002556,Facebook,2026-06-27 13:08:00,@awa_712,🔥🔥🔥,0,
C002565,Facebook,2026-06-28 13:05:00,@aicha_277,svp mes enfants adorent le bissap Awalé dèh,0,
C002575,Facebook,2026-06-29 12:50:00,@stephane780,les diabétiques peuvent boire ? ooh,0,
C002606,Instagram,2026-01-31 14:24:00,@ibrahim990,mon frère c'est cher dèh à Treichville,0,
C002616,Facebook,2026-01-05 08:24:00,@abou52,"slt je prends 2 bouteilles chaque soir, top",1,
C002620,TikTok,2026-03-03 22:37:00,@ibrahim723,👍,1,
C002623,TikTok,2026-05-19 16:38:00,@traore569,"svp j'ai fait 3 boutiques, rien",5,
C002624,Facebook,2026-03-13 07:55:00,@ibrahim833,kpakpato va parler mais c'est bon 😂 dèh,3,
C002640,Facebook,2026-06-10 19:52:00,@stephane159,la  bouteille fuit un peu ooh,1,
C002641,TikTok,2026-05-28 13:40:00,@aya163,Bonjour,3,
C002650,Instagram,2026-03-27 12:51:00,@chris57,C'EST TROP BON LE BISSAP AWALÉ 😍 MERCI 😋,7,
C002662,Facebook,2026-05-18 19:22:00,@mariam84,tchê c'est doux,5,
C002698,TikTok,2026-03-15 20:34:00,@didi164,le 33cl à 500 c'est correct mais le 1L non,7,
C002720,Instagram,2026-03-22 21:39:00,@mimi727,"c'est enjaillant, no drap",3,
C002758,Facebook,2026-01-29 18:35:00,@yao974,je confirme,3,C000407
C002762,Facebook,2026-01-28 21:39:00,@rita547,exact !,11,C000373
C002799,Instagram,2026-06-29 15:29:00,@rita727,non c'est faux hein,7,C002589
C002810,TikTok,2026-02-07 15:26:00,@ibrahim457,exact !,4,C000540
C002813,Facebook,2026-05-05 07:40:00,@rita73,+1,9,C001848
C002819,Instagram,2026-04-28 23:54:00,@serge670,je confirme,6,C001744
C000017,TikTok,2026-01-02 23:46:00,@bakary891,slt 1500 c'est trop cher hein 😩 ❤️,0,
C000019,Instagram,2026-01-02 07:22:00,@mariam849,le livreur ne répond pas,0,
C000022,Facebook,2026-01-02 16:59:00,@bakary954,eh stock fini à Marcory zone 4 à Abobo,6,
C000060,TikTok,2026-01-05 07:58:00,@aicha_824,@awale_ci meilleur bissap d'Abidjan wallah,7,
C000094,Instagram,2026-01-07 23:02:00,@abou324,❤️❤️❤️,3,
C000095,Facebook,2026-01-08 08:10:00,@mimi624,concurrence est moins chère hein!!,4,
C000100,Instagram,2026-01-08 16:25:00,@mariam815,"qualité au top, continuez comme ça 💪 à Koumassi",6,
C000101,Instagram,2026-01-08 14:44:00,@mimi24,trop cher pour la qualité désolé,4,
C000105,Instagram,2026-01-08 21:49:00,@mariam117,bon le 33cl est parfait pour le bureau 👌,0,
C000120,Facebook,2026-01-10 19:22:00,@aya504,le bouye est doux paa 😋 hein 💪,11,
C000154,Instagram,2026-01-12 07:02:00,@fatou747,votre stand à Yopougon était bien organisé svp,0,
C000158,Facebook,2026-01-12 11:24:00,@aicha_622,C'EST DU BISSAP NATUREL OU DU CONCENTRÉ ? MDR,1,
C000174,Facebook,2026-01-13 23:06:00,@abou708,"j'ai fait 3 boutiques, rien 😍",2,
C000219,Instagram,2026-01-17 07:42:00,@mariam817,"bon vraiment bravo, c'est bien fait répondez svp à Plateau 👌",2,
C000221,Facebook,2026-01-17 16:17:00,@kevin146,GAGNEZ 500.000F CLIQUEZ ICI 👉 bit.ly/xxxx,0,
C000242,Facebook,2026-01-19 19:05:00,@traore204,l'étiquette se décolle au frigo,10,
C000247,TikTok,2026-01-19 20:12:00,@mimi721,"j'ai fait 3 boutikes, rien répondez svp",0,
C000258,TikTok,2026-01-20 23:42:00,@abou412,"Perte de poids en 7 jours, DM 💊",2,
C000303,TikTok,2026-01-23 13:56:00,@fatou212,le bouchon est difficile à ouvrir ki est comme moi ? à Riviera 3...,0,
C000304,Facebook,2026-01-23 23:09:00,@mimi578,LA VIDÉO TIKTOK EST DRÔLE 😂,2,
C000317,TikTok,2026-01-24 12:30:00,@didi409,le nouveau packaging est joli 😍!!,1,
C000354,Instagram,2026-01-26 16:24:00,@didi251,❤️❤️❤️,18,
C000381,TikTok,2026-01-28 17:52:00,@aicha_644,❤️❤️❤️,0,
C000420,Facebook,2026-01-31 11:38:00,@stephane934,c'est trop bon le bissap Awalé 😍,0,
C000422,TikTok,2026-01-31 22:38:00,@nadege27,sincèrement le gingembre est enjaillant dèh 🔥,1,
C000424,TikTok,2026-01-31 16:30:00,@abou453,"qualité au top, continuez comme ça 💪 😋",2,
C000427,Instagram,2026-01-31 13:53:00,@awa_38,le nouveau packaging est joli 😍,5,
C000444,Instagram,2026-02-01 14:03:00,@abou59,rupture partout à Angré depuis 2 semaines 😤,11,
C000457,Instagram,2026-02-02 17:31:00,@abou2,le nouveau packaging est joli 😍 à Koumassi,8,
C000463,Facebook,2026-02-02 18:30:00,@traore125,faut baisser le prix ooh,5,
C000491,Facebook,2026-02-04 19:38:00,@nadege869,👍,3,
C000492,Instagram,2026-02-04 19:58:00,@chris73,le gingembre est enjaillant dèh 🔥,7,
C000530,Facebook,2026-02-06 15:27:00,@awa_478,"vraiment bravo, c'est bien fait à Bingerville",3,
C000569,Instagram,2026-02-09 15:15:00,@nadege39,"j'ai vu à la radio, j'ai testé, je ne regrette pas à Riviera 3",27,
C000577,TikTok,2026-02-10 17:05:00,@abou77,le gingembre est enjaillant dèh 🔥 qui est comme moi ?,5,
C000583,TikTok,2026-02-10 17:25:00,@aya801,"j'ai goûté hier, franchement cé propre",6,
C000584,TikTok,2026-02-10 23:35:00,@junior815,Vends iPhone 13 neuf 07 00 00 00 00,1,
C000617,Instagram,2026-02-12 09:26:00,@didi678,🔥🔥🔥,4,
C000652,Facebook,2026-02-14 18:23:00,@stephane467,"je prends 2 bouteilles chaque soir, top",9,
C000655,Facebook,2026-02-14 19:11:00,@kone.996,C'EST SUCRÉ COMMENT ? IL Y A DU SUCRE AJOUTÉ ? 👏,15,
C000693,Facebook,2026-02-17 20:38:00,@yao596,votre stand à Yopougon était bien organisé ooh à Port-Bouët,20,
C000700,TikTok,2026-02-17 20:09:00,@mariam228,❤️❤️❤️,4,
C000701,TikTok,2026-02-17 12:26:00,@fatou898,kpakpato va parler mais c'est bon 😂 s'il vous plaît 😩,11,
C000707,Instagram,2026-02-18 10:40:00,@serge415,c'est gbé ça 😎,0,
C000719,Instagram,2026-02-18 22:46:00,@abou394,"cherché partout hier, introuvable dèh 🇨🇮",9,
C000721,TikTok,2026-02-18 09:32:00,@nadege820,"CHERCHÉ PARTOUT HIER, INTROUVABLE",11,
C000722,Facebook,2026-02-18 23:01:00,@mimi229,bon c'est trop bon le bissap Awalé 😍,1,
C000727,Instagram,2026-02-19 07:55:00,@ibrahim284,arrêtez les pubs trop répétitives svp,0,
C000731,TikTok,2026-02-19 17:43:00,@fatou227,y a pas drap avec Awalé à Treichville,3,
C000732,Instagram,2026-02-19 14:40:00,@kevin307,on dit quoi pour la promo ? à Plateau 😂,1,
C000750,Instagram,2026-02-20 16:22:00,@aicha_741,"c'est frais et pas trop sucré, merci qui est comme moi ? 😍",7,
C000757,TikTok,2026-02-20 15:21:00,@chris373,le gingembre est enjaillant dèh 🔥,25,
C000759,Facebook,2026-02-21 09:52:00,@kevin633,la bouteille fuit un peu à Adjamé,0,
C000762,TikTok,2026-02-21 16:02:00,@ibrahim505,on dit quoi pour la promo ? à Adjamé!!!,6,
C000769,Facebook,2026-02-21 23:47:00,@fatou910,la bouteille fuit un peu,1,
C000792,Instagram,2026-02-22 17:07:00,@ibrahim32,diminuez le prix on va acheter plus,21,
C000819,Instagram,2026-02-23 22:52:00,@kone.193,concurrence est moins chère hein,9,
C000861,TikTok,2026-02-26 22:34:00,@abou873,on peut payer par Wave ?,0,
C000872,TikTok,2026-02-27 23:18:00,@junior809,"j'ai commandé sur WhatsApp, arrivé rapide 👍",0,
C000903,Facebook,2026-03-02 20:28:00,@fatou972,concurrence est moins chère hein,0,
C000918,Facebook,2026-03-03 08:22:00,@nadege736,faut baisser le prix ooh,1,
C000932,TikTok,2026-03-03 22:07:00,@aya141,"je prends 2 bouteilles chaque soir, top svp à Koumassi",4,
C000952,Instagram,2026-03-04 20:33:00,@abou955,Abonne toi à ma page ❤️,2,
C000958,Instagram,2026-03-05 16:09:00,@kevin639,Abonne toi à ma page ❤️,14,
C000968,Instagram,2026-03-06 14:32:00,@didi257,"Formation trading gratuite, écris moi",1,
C001000,Facebook,2026-03-08 17:18:00,@stephane84,"cherché partout hier, introuvable ooh",3,
C001029,Instagram,2026-03-10 12:39:00,@stephane107,where can I buy this in Abidjan? voilà,1,
C001043,Facebook,2026-03-11 15:19:00,@junior397,franchement diminuez le prix on va acheter plus,2,
C001047,Facebook,2026-03-11 14:53:00,@aya341,"j'ai  fait 3 boutiques, rien 😂",4,
C001052,TikTok,2026-03-11 23:25:00,@ibrahim708,kpakpato va parler mais c'est bon 😂 😂,0,
C001056,Facebook,2026-03-11 18:33:00,@kevin111,mais le 33cl à 500 c'est correct mais le 1L non,14,
C001093,Facebook,2026-03-13 07:43:00,@nadege434,mes enfants adorent le bissap Awalé à Cocody,11,
C001104,TikTok,2026-03-14 16:03:00,@yao827,"c'est frais et pas trop sucré, merci 😋",2,
C001110,Instagram,2026-03-15 17:32:00,@abou106,"j'ai vu à la radio, j'ai testé, je ne regrette pas",2,
C001120,TikTok,2026-03-15 14:54:00,@awa_170,livraison trop lente 😒,4,
C001122,Facebook,2026-03-16 13:46:00,@abou947,Vends iPhone 13 neuf 07 00 00 00 00,5,
C001141,Instagram,2026-03-16 15:48:00,@chris37,"cé frais et pas trop sucré, merci hein à Koumassi",11,
C001158,Facebook,2026-03-17 13:44:00,@abou328,Bonjour,3,
C001161,Instagram,2026-03-18 08:19:00,@abou672,commande annulée sans explication,2,
C001173,Facebook,2026-03-19 10:09:00,@aicha_34,"qualité au top, continuez comme ça 💪 à Plateau",1,
C001174,Facebook,2026-03-19 12:44:00,@didi611,"bonjour j'ai vu à la radio, j'ai testé, je ne regrette pas 😍",0,
C001203,Instagram,2026-03-20 07:32:00,@fatou915,le gingembre est enjaillant dèh 🔥 💪,1,
C001210,TikTok,2026-03-21 22:43:00,@nadege380,"cherché partout hier, introuvable mdr 😍",1,
C001225,Facebook,2026-03-22 09:20:00,@nadege11,concurrence est moins chère hein répondez svp 💪,6,
C001239,Facebook,2026-03-23 12:25:00,@mimi670,arrêtez les pubs trop répétitives svp svp,1,
C001242,Instagram,2026-03-23 21:26:00,@rita438,bonjour the hibiscus one is great qui est comme moi ?,4,
C001249,Instagram,2026-03-23 22:38:00,@rita857,c'est du bissap naturel ou du concentré ?,0,
C001255,TikTok,2026-03-24 11:38:00,@chris83,mes enfants adorent le bissap Awalé,4,
C001270,Facebook,2026-03-25 21:15:00,@serge450,"j'ai goûté hier, franchement c'est propre",2,
C001280,Instagram,2026-03-26 11:29:00,@fatou300,c'est trop bon le bissap Awalé 😍...,5,
C001286,Instagram,2026-03-26 11:02:00,@bakary212,"franchement vraiment bravo, c'est bien fait ooh",0,
C001300,Instagram,2026-03-27 23:02:00,@serge162,c'est du bissap naturel ou du concentré ? à Treichville ❤️,2,
C001376,Facebook,2026-04-01 13:05:00,@aya8,meilleur bissap d'Abidjan wallah à Treichville,1,
C001386,Facebook,2026-04-02 13:50:00,@aya252,do you ship to Grand-Bassam? 😩,3,
C001402,Facebook,2026-04-03 14:19:00,@traore258,sincèrement le gingembre est enjaillant dèh 🔥,3,
C001409,Instagram,2026-04-03 22:09:00,@fatou825,vu votre pub à la radio ce matin 📻,0,
C001410,TikTok,2026-04-03 23:00:00,@kone.367,mais le bouye est doux paa 😋 à Koumassi,2,
C001411,Instagram,2026-04-03 11:56:00,@yao358,votre stand à Yopougon était bien organisé ooh,1,
C001420,Facebook,2026-04-04 07:39:00,@yao18,le prix a encore monté ?,10,
C001459,TikTok,2026-04-07 07:24:00,@stephane612,Bonjour,1,
C001466,Facebook,2026-04-08 18:21:00,@didi588,"j'ai vu à la radio, j'ai testé, je ne regrette pas s'il vous plaît",3,
C001526,Instagram,2026-04-11 23:57:00,@stephane855,"Perte de poids en 7 jours, DM 💊",5,
C001541,TikTok,2026-04-12 14:43:00,@traore355,Bonjour,3,
C001558,Facebook,2026-04-14 12:43:00,@didi734,"Perte de poids en 7 jours, DM 💊",4,
C001582,Instagram,2026-04-15 20:57:00,@junior583,c'est trop bon le bissap Awalé 😍,3,
C001599,TikTok,2026-04-16 22:46:00,@traore423,"cherché partout hier, introuvable 😂",4,
C001607,Instagram,2026-04-17 18:45:00,@yao860,PRÊT D'ARGENT RAPIDE SANS GARANTIE contactez,2,
C001612,Instagram,2026-04-17 08:47:00,@mimi72,"bon plus de bissap dans mon quartier, c'est comment ?",3,
C001644,TikTok,2026-04-20 23:17:00,@kone.499,y a pas au maquis de Yopougon à Adjamé,2,
C001648,Instagram,2026-04-20 14:43:00,@stephane406,🔥🔥🔥,0,
C001660,TikTok,2026-04-21 15:34:00,@bakary367,❤️❤️❤️,2,
C001663,Facebook,2026-04-21 11:19:00,@fatou159,MEILLEUR  BISSAP D'ABIDJAN WALLAH HEIN,1,
C001683,Instagram,2026-04-23 20:34:00,@kevin825,SVP METTEZ DANS LES SUPERMARCHÉS DE COCODY VOILÀ,10,
C001694,TikTok,2026-04-24 11:56:00,@stephane953,"plus de bissap dans mon quartier, c'est comment ?!!",0,
C001709,Instagram,2026-04-25 22:15:00,@mariam353,les diabétiques peuvent boire ?,3,
C001728,TikTok,2026-04-26 19:38:00,@mimi918,pourquoi il n'y a plus rien en rayon ?,0,
C001762,Instagram,2026-04-29 16:15:00,@stephane549,"qualité au top, continuez comme ça 💪",8,
C001767,TikTok,2026-04-29 12:21:00,@abou396,mes enfants adorent le bissap Awalé,0,
C001786,Instagram,2026-05-01 21:38:00,@didi602,où  on trouve à Treichville ?,0,
C001791,TikTok,2026-05-01 18:38:00,@stephane313,la vidéo TikTok est drôle 😂,7,
C001835,TikTok,2026-05-05 13:12:00,@awa_187,"j'ai fait 3 boutiques, rien 🙏",7,
C001850,Facebook,2026-05-06 09:13:00,@didi46,is it available in supermarkets?,0,
C001858,Facebook,2026-05-06 08:10:00,@junior408,le 33cl à 500 c'est correct mais le 1L non,5,
C001879,Instagram,2026-05-08 18:53:00,@rita977,c'est sucré comment ? il y a du sucre ajouté ?,8,
C001893,Facebook,2026-05-09 12:58:00,@junior248,y a pas au maquis de Yopougon 😩...,26,
C001899,Instagram,2026-05-09 17:02:00,@chris914,svp on ne trouve plus 😭 c'est fini ?,3,
C001905,TikTok,2026-05-10 22:33:00,@traore205,@awale_ci on ne trouve plus 😭 c'est fini ?,2,
C001917,Instagram,2026-05-11 21:22:00,@abou332,"j'ai vu chez @miss_abj_lifestyle, je viens voir",2,
C001928,Instagram,2026-05-11 22:40:00,@serge732,"Bjr cherché partout hier, introuvable",4,
C001967,TikTok,2026-05-14 08:03:00,@didi975,le 33cl est parfait pour le bureau 👌 à Riviera 3,3,
C001996,Instagram,2026-05-16 08:06:00,@rita884,arrêtez les pubs trop répétitives svp merci à Angré ❤️,16,
C002013,Instagram,2026-05-18 20:17:00,@kevin479,on ne trouve plus 😭 cé fini ? ooh,2,
C002015,Instagram,2026-05-18 16:36:00,@ibrahim590,"j'ai goûté hier, franchement c'est propre",3,
C002038,Instagram,2026-05-20 07:23:00,@awa_253,Abonne toi à ma page ❤️,1,
C002049,TikTok,2026-05-21 12:27:00,@rita224,eh le prix a encore monté ?,3,
C002062,TikTok,2026-05-22 11:52:00,@chris656,hey le livreur ne répond pas,23,
C002063,Facebook,2026-05-22 10:49:00,@ibrahim918,svp vs livrez à Bingerville ?,0,
C002123,TikTok,2026-05-26 12:25:00,@stephane17,"sincèrement qualité au top, continuez comme ça 💪",1,
C002141,Facebook,2026-05-28 11:10:00,@ibrahim376,👍,1,
C002190,Instagram,2026-06-01 19:33:00,@mariam720,mes enfants adorent le bissap Awalé à Cocody,0,
C002194,Instagram,2026-06-01 13:03:00,@kevin577,svp vu votre pub à la radio ce matin 📻 🇨🇮,17,
C002216,Instagram,2026-06-02 08:52:00,@rita432,vu votre pub à la radio ce matin 📻,11,
C002248,TikTok,2026-06-04 13:41:00,@ibrahim40,livraison trop lente 😒 🥤,0,
C002251,Instagram,2026-06-05 09:59:00,@mariam404,"bonjour qualité au top, continuez comme ça 💪",3,
C002263,Instagram,2026-06-06 11:09:00,@fatou527,"je prends 2 bouteilles chake soir, top",1,
C002301,Instagram,2026-06-09 16:34:00,@fatou986,le 33cl est parfait pour le bureau 👌 ??,9,
C002341,TikTok,2026-06-12 14:39:00,@rita601,concurrence est moins chère hein 😂,3,
C002346,Instagram,2026-06-12 07:33:00,@fatou597,le gingembre est enjaillant dèh 🔥,2,
C002384,Instagram,2026-06-14 19:27:00,@traore154,👍,0,
C002389,TikTok,2026-06-15 10:51:00,@kone.253,faut baisser le prix ooh voilà,3,
C002404,Instagram,2026-06-15 08:56:00,@stephane73,vous livrez sur Riviera 3 ?,0,
C002408,Instagram,2026-06-16 18:04:00,@nadege841,la pub pendant le match était bien placée merci,25,
C002429,Facebook,2026-06-17 22:10:00,@kone.311,"C'EST ENJAILLANT, NO DRAP OOH",1,
C002430,Facebook,2026-06-17 07:53:00,@mariam19,svp  le gingembre est enjaillant dèh 🔥,14,
C002443,Instagram,2026-06-18 11:53:00,@stephane767,"vraiment bravo, c'est bien fait merci à Koumassi ❤️",6,
C002453,Facebook,2026-06-19 10:46:00,@serge190,"cherché partout hier, introuvable",0,
C002459,TikTok,2026-06-20 19:42:00,@bakary402,vu votre pub à la radio ce matin 📻,0,
C002506,TikTok,2026-06-23 11:37:00,@serge18,1500 c'est trop cher hein 😩 🙏,1,
C002540,Instagram,2026-06-26 12:03:00,@abou58,hey rupture partout à Angré depuis 2 semaines 😤,20,
C002542,TikTok,2026-06-26 13:56:00,@chris581,the hibiscus one is great à Plateau,9,
C002543,TikTok,2026-06-26 19:41:00,@aicha_846,la bouteille fuit un peu à Koumassi,0,
C002561,Facebook,2026-06-27 18:55:00,@fatou446,@awale_ci  any sugar-free option?,2,
C002576,Instagram,2026-06-29 14:14:00,@kone.507,"bon vraiment bravo, c'est bien fait",0,
C002583,Facebook,2026-06-29 10:43:00,@stephane351,love the branding 🔥 répondez svp,12,
C002611,Instagram,2026-04-07 17:26:00,@abou156,livraison trop lente 😒,13,
C002635,Instagram,2026-06-09 16:34:00,@fatou986,le 33cl est parfait pour le bureau 👌 ??,9,
C002666,Instagram,2026-02-19 17:05:00,@abou546,do you ship to Grand-Bassam? à Plateau,1,
C002668,TikTok,2026-06-08 18:08:00,@fatou367,le bouye est doux paa 😋,3,
C002682,Instagram,2026-01-07 18:08:00,@nadege837,on dit quoi pour la promo ? svp,8,
C002731,Facebook,2026-03-20 09:37:00,@yao256,sincèrement pourquoi il n'y a plus rien en rayon ? répondez svp 🥤,4,
C002734,Instagram,2026-03-30 09:48:00,@chris855,🔥🔥🔥,13,
C002742,TikTok,2026-04-29 12:21:00,@traore978,je confirme,7,C001767
C002755,Instagram,2026-01-26 11:02:00,@kevin21,je confirme,8,C000348
C002756,Facebook,2026-01-01 12:49:00,@rita903,exact !,7,C000013
C002766,Facebook,2026-01-04 23:16:00,@aicha_941,je confirme,2,C000045
C002786,TikTok,2026-02-18 14:08:00,@kevin902,+1,0,C000724
C002812,Facebook,2026-02-13 12:46:00,@bakary876,merci pour l'info,8,C000636
C002816,TikTok,2026-01-04 11:58:00,@kone.520,je confirme,5,C000040
